campanha,tipo_campanha,canal,grupo
"2,38527E+16",Direto,Direto,Direto
62e0361693552d867429b3cd,Direto,Direto,Direto
Afilio_T1-T2_Conversao,Afilio,Afiliados,Pago
Aquisi%C3%A7%C3%A3o_free_trial_ssi_06_06,CRM Aquisição,CRM,CRM
Aquisi%C3%A7%C3%A3o_free_trial_ssi_06_06,CRM Aquisição,CRM,CRM
AquisitionLookalike,Direto,Direto,Direto
AvivaDigital_T1-T2_Conversao,Aviva Digital,Afiliados,Pago
blog-parceiros,Blog,Referral,Referral
BlogParceiros_Referral_Botao_Banner_Cadastre_Sua_Loja,Blog,Referral,Referral
BlogParceiros_Referral_Botao_Banner_QS_Torne_Parceiro_omie,Blog,Referral,Referral
BlogParceiros_Referral_Botao_Footer_Cadastre_Seu_Mercado,Blog,Referral,Referral
BlogParceiros_Referral_Botao_Footer_Cadastre_Seu_Restaurante,Blog,Referral,Referral
BlogParceiros_Referral_Botao_Home_Seja_Parceiro,Blog,Referral,Referral
BlogParceiros_Referral_Hiperlink_AcesseNossaPaginaCadastro_2,Blog,Referral,Referral
cadastro,Blog,Referral,Referral
cadastro-cardapio-digital,Blog,Referral,Referral
CliqueFooterCadastroomie,Blog,Referral,Referral
commercegrowthacquisition,Direto,Direto,Direto
como-vender-no-omie,Blog,Referral,Referral
contratar-motoboy-entrega,Blog,Referral,Referral
CRM_Rest_[Comercial]_[Chatbot]_[CadastroFood],CRM Chatbot,CRM,CRM
CRM_Rest_Aquisi%C3%A7%C3%A3o_BaseGold_T3_Politica_10_12,CRM Aquisição,CRM,CRM
CRM_Rest_Aquisi%C3%A7%C3%A3o_BaseGold_T4_Politica_10_12,CRM Aquisição,CRM,CRM
CRM_Rest_Aquisi%C3%A7%C3%A3o_Planejamento_Comercial_150k_Leads_v1_julho_07_07,CRM Aquisição,CRM,CRM
CRM_Rest_Aquisi%C3%A7%C3%A3o_Planejamento_Comercial_150k_Leads_v2_julho_14_07,CRM Aquisição,CRM,CRM
CRM_Rest_Aquisi%C3%A7%C3%A3o_Planejamento_Comercial_150k_Morno_20_07,CRM Aquisição,CRM,CRM
CRM_Rest_Aquisi%C3%A7%C3%A3o_Planejamento_Comercial_150k_Quente_20_07,CRM Aquisição,CRM,CRM
CRM_Rest_Aquisi%C3%A7%C3%A3o_Planejamento_Comercial_150kLeads1_08_06,CRM Aquisição,CRM,CRM
CRM_Rest_Aquisi%C3%A7%C3%A3o_Planejamento_Comercial_Aquisicao_omie_Shop_3_17_02,CRM Aquisição,CRM,CRM
CRM_Rest_Aquisi%C3%A7%C3%A3o_Planejamento_Comercial_Base150K_Disparo2_14_06,CRM Aquisição,CRM,CRM
CRM_Rest_Aquisi%C3%A7%C3%A3o_Planejamento_Comercial_Base150K_Disparo3_21_06,CRM Aquisição,CRM,CRM
CRM_Rest_Aquisi%C3%A7%C3%A3o_Planejamento_Comercial_Base150K_v3_28_06,CRM Aquisição,CRM,CRM
CRM_Rest_Aquisi%C3%A7%C3%A3o_Planejamento_Comercial_CHS_menor50_24_11,CRM Aquisição,CRM,CRM
CRM_Rest_Aquisi%C3%A7%C3%A3o_Planejamento_Comercial_free_trial_cms_11_07,CRM Aquisição,CRM,CRM
CRM_Rest_Aquisi%C3%A7%C3%A3o_Planejamento_Comercial_Teste_1_CMS_18_07,CRM Aquisição,CRM,CRM
CRM_Rest_Aquisi%C3%A7%C3%A3o_Planejamento_Comercial_Teste_2_CMS_18_07,CRM Aquisição,CRM,CRM
CRM_REST_AQUISICAO_CRM_1P_WHATSAPP_EXPTURNO_10_8_2022_WHATSAPP,CRM Aquisição,CRM,CRM
CRM_REST_AQUISICAO_CRM_ABANDONO_1_5_10_2022_WHATSAPP,CRM Abandono,CRM,CRM
CRM_REST_AQUISICAO_CRM_ABANDONO_1_SEMANA3_19_9_2022_WHATSAPP,CRM Abandono,CRM,CRM
CRM_REST_AQUISICAO_CRM_ABANDONO_20_10_2022_WHATSAPP,CRM Abandono,CRM,CRM
CRM_REST_AQUISICAO_CRM_ABANDONO_3_SEMANA4_30_9_2022_WHATSAPP,CRM Abandono,CRM,CRM
CRM_REST_AQUISICAO_CRM_ABANDONO_6_MESES_18_11_2022_E-MAIL,CRM Abandono,CRM,CRM
CRM_REST_AQUISICAO_CRM_ABANDONO_6_MESES_18_11_2022_WHATSAPP,CRM Abandono,CRM,CRM
CRM_REST_AQUISICAO_CRM_ABANDONO_6_MESES_19_11_2022_WHATSAPP,CRM Abandono,CRM,CRM
CRM_REST_AQUISICAO_CRM_ABANDONO_6_MESES_20_11_2022_WHATSAPP,CRM Abandono,CRM,CRM
CRM_REST_AQUISICAO_CRM_ABANDONO_6_MESES_BASE_FALTANTES_21_11_2022_WHATSAPP,CRM Abandono,CRM,CRM
CRM_REST_AQUISICAO_CRM_ABANDONO_6_MESES_BASE_FALTANTES_22_11_2022_E-MAIL,CRM Abandono,CRM,CRM
CRM_REST_AQUISICAO_CRM_ABANDONO_6_MESES_BASE_FALTANTES_22_11_2022_WHATSAPP,CRM Abandono,CRM,CRM
CRM_REST_AQUISICAO_CRM_ABANDONO_6_MESES_BASE_FALTANTES_23_11_2022_E-MAIL,CRM Abandono,CRM,CRM
CRM_REST_AQUISICAO_CRM_ABANDONO_6_MESES_BASE_FALTANTES_23_11_2022_WHATSAPP,CRM Abandono,CRM,CRM
CRM_REST_AQUISICAO_CRM_ABANDONO_6_MESES_NAO_ABRIRAM_21_11_2022_E-MAIL,CRM Abandono,CRM,CRM
CRM_REST_AQUISICAO_CRM_ABANDONO_BF_1_2_14_10_2022_WHATSAPP,CRM Abandono,CRM,CRM
CRM_REST_AQUISICAO_CRM_ABANDONO_BF_1_2_MIDIA_14_10_2022_WHATSAPP,CRM Abandono,CRM,CRM
CRM_REST_AQUISICAO_CRM_ABANDONO_BLACKFRIDAY_13_10_2022_WHATSAPP,CRM Abandono,CRM,CRM
CRM_REST_AQUISICAO_CRM_ABANDONO_BLACKFRIDAY_MIDIA_13_10_2022_WHATSAPP,CRM Abandono,CRM,CRM
CRM_REST_AQUISICAO_CRM_ABANDONO_FERIADO_8_10_2022_WHATSAPP,CRM Abandono,CRM,CRM
CRM_REST_AQUISICAO_CRM_ABANDONO_MIDIA_25_11_2022_WHATSAPP,CRM Abandono,CRM,CRM
CRM_REST_AQUISICAO_CRM_ABANDONO_PARTE1_25_11_2022_WHATSAPP,CRM Abandono,CRM,CRM
CRM_REST_AQUISICAO_CRM_ABANDONO_PARTE2_26_11_2022_WHATSAPP,CRM Abandono,CRM,CRM
CRM_REST_AQUISICAO_CRM_ABANDONO_PARTE3_27_11_2022_WHATSAPP,CRM Abandono,CRM,CRM
CRM_REST_AQUISICAO_CRM_ABANDONO_REGUAS_11_10_2022_WHATSAPP,CRM Abandono,CRM,CRM
CRM_REST_AQUISICAO_CRM_ABANDONO_REGUAS_MIDIA_11_10_2022_WHATSAPP,CRM Abandono,CRM,CRM
CRM_REST_AQUISICAO_CRM_ABANDONO_RESTO_30_8_2022_WHATSAPP,CRM Abandono,CRM,CRM
CRM_REST_AQUISICAO_CRM_ABANDONO_SSI_17_10_2022_WHATSAPP,CRM Abandono,CRM,CRM
CRM_REST_AQUISICAO_CRM_ABANDONO_SSI_BF_4_11_2022_WHATSAPP,CRM Abandono,CRM,CRM
CRM_REST_AQUISICAO_CRM_ABANDONO_SSI_MIDIA_17_10_2022_WHATSAPP,CRM Abandono,CRM,CRM
CRM_REST_AQUISICAO_CRM_ABANDONO2_12_9_2022_WHATSAPP,CRM Abandono,CRM,CRM
CRM_REST_AQUISICAO_CRM_ABANDONO4_23_9_2022_WHATSAPP,CRM Abandono,CRM,CRM
CRM_REST_AQUISICAO_CRM_ABANDONOSEMANAL_16_9_2022_WHATSAPP,CRM Abandono,CRM,CRM
CRM_REST_AQUISICAO_CRM_ABANDONOSEMANAL_SEMANA4_26_9_2022_WHATSAPP,CRM Abandono,CRM,CRM
CRM_REST_AQUISICAO_CRM_ABANDONOSEMANALWPP_6_9_2022_WHATSAPP,CRM Abandono,CRM,CRM
CRM_REST_AQUISICAO_CRM_AQUISICAO_ABANDONO_MIDIA_16_12_2022_WHATSAPP,CRM Abandono,CRM,CRM
CRM_REST_AQUISICAO_CRM_AQUISICAO_ABANDONO_MIDIA_19_12_2022_WHATSAPP,CRM Abandono,CRM,CRM
CRM_REST_AQUISICAO_CRM_AQUISICAO_ABANDONO_MIDIA_26_12_2022_WHATSAPP,CRM Abandono,CRM,CRM
CRM_REST_AQUISICAO_CRM_AQUISICAO_ABANDONO_MIDIA_9_12_2022_WHATSAPP,CRM Abandono,CRM,CRM
CRM_REST_AQUISICAO_CRM_AQUISICAO_ABANDONO_P1_16_12_2022_WHATSAPP,CRM Abandono,CRM,CRM
CRM_REST_AQUISICAO_CRM_AQUISICAO_ABANDONO_P1_19_12_2022_WHATSAPP,CRM Abandono,CRM,CRM
CRM_REST_AQUISICAO_CRM_AQUISICAO_ABANDONO_P1_26_12_2022_WHATSAPP,CRM Abandono,CRM,CRM
CRM_REST_AQUISICAO_CRM_AQUISICAO_ABANDONO_P2_15_12_2022_WHATSAPP,CRM Abandono,CRM,CRM
CRM_REST_AQUISICAO_CRM_AQUISICAO_ABANDONO_P2_17_12_2022_WHATSAPP,CRM Abandono,CRM,CRM
CRM_REST_AQUISICAO_CRM_AQUISICAO_ABANDONO_P2_20_12_2022_WHATSAPP,CRM Abandono,CRM,CRM
CRM_REST_AQUISICAO_CRM_AQUISICAO_ABANDONO_P2_27_12_2022_WHATSAPP,CRM Abandono,CRM,CRM
CRM_REST_AQUISICAO_CRM_AQUISICAO_ABANDONO_P3_18_12_2022_WHATSAPP,CRM Abandono,CRM,CRM
CRM_REST_AQUISICAO_CRM_AQUISICAO_ABANDONO_P3_21_12_2022_WHATSAPP,CRM Abandono,CRM,CRM
CRM_REST_AQUISICAO_CRM_AQUISICAO_ABANDONO_P3_28_12_2022_WHATSAPP,CRM Abandono,CRM,CRM
CRM_REST_AQUISICAO_CRM_AQUISICAO_ABANDONO_SSI_NOVEMBRO_OFERTAS_7_11_2022_WHATSAPP,CRM Abandono,CRM,CRM
CRM_REST_AQUISICAO_CRM_AQUISICAO_ABANDONO_SSI_P1_14_12_2022_WHATSAPP,CRM Abandono,CRM,CRM
CRM_REST_AQUISICAO_CRM_AQUISICAO_ABANDONO_SSI_PT1_9_12_2022_WHATSAPP,CRM Abandono,CRM,CRM
CRM_REST_AQUISICAO_CRM_AQUISICAO_ABANDONO_SSI_TESTE_COPA_7_11_2022_WHATSAPP,CRM Abandono,CRM,CRM
CRM_REST_AQUISICAO_CRM_AQUISICAO_CHURN_12A23_29_11_2022_E-MAIL,CRM Churn,CRM,CRM
CRM_REST_AQUISICAO_CRM_AQUISICAO_CHURN_12A23_P1_29_11_2022_WHATSAPP,CRM Churn,CRM,CRM
CRM_REST_AQUISICAO_CRM_AQUISICAO_CHURN_12A23_P2_30_11_2022_WHATSAPP,CRM Churn,CRM,CRM
CRM_REST_AQUISICAO_CRM_AQUISICAO_CHURN_12A23M_19_11_2022_E-MAIL,CRM Churn,CRM,CRM
CRM_REST_AQUISICAO_CRM_AQUISICAO_CHURN_12A23M_P1_13_12_2022_WHATSAPP,CRM Churn,CRM,CRM
CRM_REST_AQUISICAO_CRM_AQUISICAO_CHURN_12A23M_P1_20_12_2022_WHATSAPP,CRM Churn,CRM,CRM
CRM_REST_AQUISICAO_CRM_AQUISICAO_CHURN_12A23M_P1_23_11_2022_WHATSAPP,CRM Churn,CRM,CRM
CRM_REST_AQUISICAO_CRM_AQUISICAO_CHURN_12A23M_P1_27_12_2022_WHATSAPP,CRM Churn,CRM,CRM
CRM_REST_AQUISICAO_CRM_AQUISICAO_CHURN_12A23M_P2_14_12_2022_WHATSAPP,CRM Churn,CRM,CRM
CRM_REST_AQUISICAO_CRM_AQUISICAO_CHURN_12A23M_P2_21_12_2022_WHATSAPP,CRM Churn,CRM,CRM
CRM_REST_AQUISICAO_CRM_AQUISICAO_CHURN_12A23M_P2_24_11_2022_WHATSAPP,CRM Churn,CRM,CRM
CRM_REST_AQUISICAO_CRM_AQUISICAO_CHURN_12A23M_P2_28_12_2022_WHATSAPP,CRM Churn,CRM,CRM
CRM_REST_AQUISICAO_CRM_AQUISICAO_CHURN_12A23M_PARTE2_9_11_2022_WHATSAPP,CRM Churn,CRM,CRM
CRM_REST_AQUISICAO_CRM_AQUISICAO_CHURN_12A23M_PT1_16_11_2022_WHATSAPP,CRM Churn,CRM,CRM
CRM_REST_AQUISICAO_CRM_AQUISICAO_CHURN_12A23M_PT2_17_11_2022_WHATSAPP,CRM Churn,CRM,CRM
CRM_REST_AQUISICAO_CRM_AQUISICAO_CHURN_24M_27_12_2022_WHATSAPP,CRM Churn,CRM,CRM
CRM_REST_AQUISICAO_CRM_AQUISICAO_CHURN_24M_29_11_2022_E-MAIL,CRM Churn,CRM,CRM
CRM_REST_AQUISICAO_CRM_AQUISICAO_CHURN_24M_P1_15_12_2022_WHATSAPP,CRM Churn,CRM,CRM
CRM_REST_AQUISICAO_CRM_AQUISICAO_CHURN_24M_P1_20_12_2022_WHATSAPP,CRM Churn,CRM,CRM
CRM_REST_AQUISICAO_CRM_AQUISICAO_CHURN_24M_P1_22_11_2022_WHATSAPP,CRM Churn,CRM,CRM
CRM_REST_AQUISICAO_CRM_AQUISICAO_CHURN_24M_P1_29_11_2022_WHATSAPP,CRM Churn,CRM,CRM
CRM_REST_AQUISICAO_CRM_AQUISICAO_CHURN_24M_P2_21_12_2022_WHATSAPP,CRM Churn,CRM,CRM
CRM_REST_AQUISICAO_CRM_AQUISICAO_CHURN_24M_P2_23_11_2022_WHATSAPP,CRM Churn,CRM,CRM
CRM_REST_AQUISICAO_CRM_AQUISICAO_CHURN_24M_P2_30_11_2022_WHATSAPP,CRM Churn,CRM,CRM
CRM_REST_AQUISICAO_CRM_AQUISICAO_CHURN_24M_PT1_17_11_2022_WHATSAPP,CRM Churn,CRM,CRM
CRM_REST_AQUISICAO_CRM_AQUISICAO_CHURN_24M_PT2_18_11_2022_WHATSAPP,CRM Churn,CRM,CRM
CRM_REST_AQUISICAO_CRM_AQUISICAO_CHURN_3MESES_23_11_2022_WHATSAPP,CRM Churn,CRM,CRM
CRM_REST_AQUISICAO_CRM_AQUISICAO_CHURN_6A11_29_11_2022_E-MAIL,CRM Churn,CRM,CRM
CRM_REST_AQUISICAO_CRM_AQUISICAO_CHURN_6A11_P1_29_11_2022_WHATSAPP,CRM Churn,CRM,CRM
CRM_REST_AQUISICAO_CRM_AQUISICAO_CHURN_6A11_P2_30_11_2022_WHATSAPP,CRM Churn,CRM,CRM
CRM_REST_AQUISICAO_CRM_AQUISICAO_CHURN_6A11M_16_11_2022_E-MAIL,CRM Churn,CRM,CRM
CRM_REST_AQUISICAO_CRM_AQUISICAO_CHURN_6A11M_P1_13_12_2022_WHATSAPP,CRM Churn,CRM,CRM
CRM_REST_AQUISICAO_CRM_AQUISICAO_CHURN_6A11M_P1_20_12_2022_WHATSAPP,CRM Churn,CRM,CRM
CRM_REST_AQUISICAO_CRM_AQUISICAO_CHURN_6A11M_P1_22_11_2022_WHATSAPP,CRM Churn,CRM,CRM
CRM_REST_AQUISICAO_CRM_AQUISICAO_CHURN_6A11M_P1_27_12_2022_WHATSAPP,CRM Churn,CRM,CRM
CRM_REST_AQUISICAO_CRM_AQUISICAO_CHURN_6A11M_P2_14_12_2022_WHATSAPP,CRM Churn,CRM,CRM
CRM_REST_AQUISICAO_CRM_AQUISICAO_CHURN_6A11M_P2_21_12_2022_WHATSAPP,CRM Churn,CRM,CRM
CRM_REST_AQUISICAO_CRM_AQUISICAO_CHURN_6A11M_P2_23_11_2022_WHATSAPP,CRM Churn,CRM,CRM
CRM_REST_AQUISICAO_CRM_AQUISICAO_CHURN_6A11M_P2_28_12_2022_WHATSAPP,CRM Churn,CRM,CRM
CRM_REST_AQUISICAO_CRM_AQUISICAO_CHURN_6A11M_PARTE1_9_11_2022_WHATSAPP,CRM Churn,CRM,CRM
CRM_REST_AQUISICAO_CRM_AQUISICAO_CHURN_6A11M_PARTE2_10_11_2022_WHATSAPP,CRM Churn,CRM,CRM
CRM_REST_AQUISICAO_CRM_AQUISICAO_CHURN_6A11M_PT1_16_11_2022_WHATSAPP,CRM Churn,CRM,CRM
CRM_REST_AQUISICAO_CRM_AQUISICAO_CHURN_6A11M_PT2_17_11_2022_WHATSAPP,CRM Churn,CRM,CRM
CRM_REST_AQUISICAO_CRM_AQUISICAO_CNAE_15_12_2022_WHATSAPP,CRM Aquisição,CRM,CRM
CRM_REST_AQUISICAO_CRM_AQUISICAO_CNAE_19_12_2022_WHATSAPP,CRM Aquisição,CRM,CRM
CRM_REST_AQUISICAO_CRM_AQUISICAO_CNAE_21_11_2022_WHATSAPP,CRM Aquisição,CRM,CRM
CRM_REST_AQUISICAO_CRM_AQUISICAO_CNAE_6_12_2022_WHATSAPP,CRM Aquisição,CRM,CRM
CRM_REST_AQUISICAO_CRM_AQUISICAO_CNAES_COPA_7_11_2022_WHATSAPP,CRM Aquisição,CRM,CRM
CRM_REST_AQUISICAO_CRM_AQUISICAO_CNAES_NOVEMBRO_OFERTAS_7_11_2022_WHATSAPP,CRM Aquisição,CRM,CRM
CRM_REST_AQUISICAO_CRM_AQUISICAO_CONTAS_18_11_2022_WHATSAPP,CRM Aquisição,CRM,CRM
CRM_REST_AQUISICAO_CRM_AQUISICAO_CONTAS_23_11_2022_WHATSAPP,CRM Aquisição,CRM,CRM
CRM_REST_AQUISICAO_CRM_AQUISICAO_CONTAS_26_11_2022_WHATSAPP,CRM Aquisição,CRM,CRM
CRM_REST_AQUISICAO_CRM_AQUISICAO_CONTAS_BF_4_11_2022_WHATSAPP,CRM Aquisição,CRM,CRM
CRM_REST_AQUISICAO_CRM_AQUISICAO_CPF_21_11_2022_WHATSAPP,CRM Aquisição,CRM,CRM
CRM_REST_AQUISICAO_CRM_AQUISICAO_CPF_6_12_2022_WHATSAPP,CRM Aquisição,CRM,CRM
CRM_REST_AQUISICAO_CRM_AQUISICAO_CPF_COPA_7_11_2022_WHATSAPP,CRM Aquisição,CRM,CRM
CRM_REST_AQUISICAO_CRM_AQUISICAO_CPF_NOVEMBRO_OFERTAS_7_11_2022_WHATSAPP,CRM Aquisição,CRM,CRM
CRM_REST_AQUISICAO_CRM_AQUISICAO_LEADS_CONTAS_7_12_2022_WHATSAPP,CRM Aquisição,CRM,CRM
CRM_REST_AQUISICAO_CRM_AQUISICAO_MIDIA_14_12_2022_WHATSAPP,CRM Aquisição,CRM,CRM
CRM_REST_AQUISICAO_CRM_AQUISICAO_TESTE_CONTAS_14_12_2022_WHATSAPP,CRM Aquisição,CRM,CRM
CRM_REST_AQUISICAO_CRM_AQUISICAO_TESTEDECONTAS_21_12_2022_WHATSAPP,CRM Aquisição,CRM,CRM
CRM_REST_AQUISICAO_CRM_AQUISICAO1P_26_8_2022_WHATSAPP,CRM Aquisição,CRM,CRM
CRM_REST_AQUISICAO_CRM_BASE_ABANDONO_MIDIA_PT2_26_10_2022_WHATSAPP,CRM Abandono,CRM,CRM
CRM_Rest_Aquisicao_CRM_base_CC1_28_06,CRM Aquisição,CRM,CRM
CRM_REST_AQUISICAO_CRM_BASE_CHURN_12_23M_4_11_2022_WHATSAPP,CRM Churn,CRM,CRM
CRM_REST_AQUISICAO_CRM_BASE_CHURN_12_23M_5_11_2022_WHATSAPP,CRM Churn,CRM,CRM
CRM_REST_AQUISICAO_CRM_BASE_CHURN_24M_5_11_2022_WHATSAPP,CRM Churn,CRM,CRM
CRM_REST_AQUISICAO_CRM_BASE_CHURN_24M_6_11_2022_WHATSAPP,CRM Churn,CRM,CRM
CRM_REST_AQUISICAO_CRM_BASE_CHURN_6-11M_3_11_2022_WHATSAPP,CRM Churn,CRM,CRM
CRM_REST_AQUISICAO_CRM_BASE_CNAE_24_10_2022_WHATSAPP,CRM Churn,CRM,CRM
CRM_REST_AQUISICAO_CRM_BASE_CPF_24_10_2022_WHATSAPP,CRM Churn,CRM,CRM
CRM_REST_AQUISICAO_CRM_BASE_ERRO_FORMS_INCOMPLET_13_12_2022_WHATSAPP,CRM Abandono,CRM,CRM
CRM_Rest_Aquisicao_CRM_base_SC1_28_06,CRM Aquisição,CRM,CRM
CRM_REST_AQUISICAO_CRM_BASEABANDONO_PT1_25_10_2022_WHATSAPP,CRM Abandono,CRM,CRM
CRM_REST_AQUISICAO_CRM_BASEABANDONO_PT2_26_10_2022_WHATSAPP,CRM Abandono,CRM,CRM
CRM_REST_AQUISICAO_CRM_BASEDEABANDONO2SEMANA4_29_9_2022_WHATSAPP,CRM Abandono,CRM,CRM
CRM_REST_AQUISICAO_CRM_BLACK_FRIDAY_SSI_10_10_2022_WHATSAPP,CRM Aquisição,CRM,CRM
CRM_REST_AQUISICAO_CRM_BLACK_FRIDAY_SSIMIDIA_10_10_2022_WHATSAPP,CRM Aquisição,CRM,CRM
CRM_REST_AQUISICAO_CRM_CHURN_12_A_23M_PARTE_1_11_11_2022_WHATSAPP,CRM Churn,CRM,CRM
CRM_REST_AQUISICAO_CRM_CHURN_12_A_23M_PARTE_2_12_11_2022_WHATSAPP,CRM Churn,CRM,CRM
CRM_REST_AQUISICAO_CRM_CHURN_24M_PARTE_1_11_11_2022_WHATSAPP,CRM Churn,CRM,CRM
CRM_REST_AQUISICAO_CRM_CHURN_24M_PARTE_2_12_11_2022_WHATSAPP,CRM Churn,CRM,CRM
CRM_REST_AQUISICAO_CRM_CHURN_6_A_11M_PARTE_1_11_11_2022_WHATSAPP,CRM Churn,CRM,CRM
CRM_REST_AQUISICAO_CRM_CHURN_6_A_11M_PARTE_2_12_11_2022_WHATSAPP,CRM Churn,CRM,CRM
CRM_REST_AQUISICAO_CRM_CHURN_ATIVACAO_24MESES_24_10_2022_WHATSAPP,CRM Churn,CRM,CRM
CRM_REST_AQUISICAO_CRM_CHURN_ATIVACAO_6_12MESES_PARTE1_26_10_2022_WHATSAPP,CRM Churn,CRM,CRM
CRM_REST_AQUISICAO_CRM_CNAE_13_10_2022_WHATSAPP,CRM Aquisição,CRM,CRM
CRM_REST_AQUISICAO_CRM_CNAE_15_9_2022_WHATSAPP,CRM Aquisição,CRM,CRM
CRM_REST_AQUISICAO_CRM_CNAE_18_10_2022_WHATSAPP,CRM Aquisição,CRM,CRM
CRM_REST_AQUISICAO_CRM_CNAE_1MES_29_8_2022_E-MAIL,CRM Aquisição,CRM,CRM
CRM_REST_AQUISICAO_CRM_CNAE_1MES_29_8_2022_WHATSAPP,CRM Aquisição,CRM,CRM
CRM_REST_AQUISICAO_CRM_CNAE_ABANDONO_31_8_2022_WHATSAPP,CRM Aquisição,CRM,CRM
CRM_REST_AQUISICAO_CRM_CNAE_BENEFICIOS_26_8_2022_WHATSAPP,CRM Aquisição,CRM,CRM
CRM_REST_AQUISICAO_CRM_CNAE_FDS_27_8_2022_WHATSAPP,CRM Aquisição,CRM,CRM
CRM_REST_AQUISICAO_CRM_CNAE_LIBERADO_NOVEMBRO_OFERTAS_11_11_2022_WHATSAPP,CRM Aquisição,CRM,CRM
CRM_REST_AQUISICAO_CRM_CNAE_MSG_COMERCIAL_25_8_2022_WHATSAPP,CRM Aquisição,CRM,CRM
CRM_REST_AQUISICAO_CRM_CNAE_SABADO_24_9_2022_WHATSAPP,CRM Aquisição,CRM,CRM
CRM_REST_AQUISICAO_CRM_CNAE_SEMANA1_4_10_2022_WHATSAPP,CRM Aquisição,CRM,CRM
CRM_REST_AQUISICAO_CRM_CNAE_TOOLKIT_23_8_2022_WHATSAPP,CRM Aquisição,CRM,CRM
CRM_REST_AQUISICAO_CRM_CONTAS_11_10_2022_WHATSAPP,CRM Aquisição,CRM,CRM
CRM_REST_AQUISICAO_CRM_CONTAS_4_10_2022_WHATSAPP,CRM Aquisição,CRM,CRM
CRM_REST_AQUISICAO_CRM_CONTAS_5_10_2022_WHATSAPP,CRM Aquisição,CRM,CRM
CRM_REST_AQUISICAO_CRM_CONTAS_MORNO_6_10_2022_WHATSAPP,CRM Aquisição,CRM,CRM
CRM_REST_AQUISICAO_CRM_CONTAS_P1_18_10_2022_WHATSAPP,CRM Aquisição,CRM,CRM
CRM_REST_AQUISICAO_CRM_CONTAS_QUENTE_13_9_2022_E-MAIL,CRM Aquisição,CRM,CRM
CRM_REST_AQUISICAO_CRM_CONTAS_QUENTE_13_9_2022_WHATSAPP,CRM Aquisição,CRM,CRM
CRM_REST_AQUISICAO_CRM_CPF_13_10_2022_WHATSAPP,CRM Aquisição,CRM,CRM
CRM_REST_AQUISICAO_CRM_CPF_15_9_2022_WHATSAPP,CRM Aquisição,CRM,CRM
CRM_REST_AQUISICAO_CRM_CPF_18_10_2022_WHATSAPP,CRM Aquisição,CRM,CRM
CRM_REST_AQUISICAO_CRM_CPF_1MES_29_8_2022_E-MAIL,CRM Aquisição,CRM,CRM
CRM_REST_AQUISICAO_CRM_CPF_1MES_29_8_2022_WHATSAPP,CRM Aquisição,CRM,CRM
CRM_REST_AQUISICAO_CRM_CPF_ABANDONO_31_8_2022_WHATSAPP,CRM Aquisição,CRM,CRM
CRM_REST_AQUISICAO_CRM_CPF_BENEFICIOS_26_8_2022_WHATSAPP,CRM Aquisição,CRM,CRM
CRM_REST_AQUISICAO_CRM_CPF_FDS_27_8_2022_WHATSAPP,CRM Aquisição,CRM,CRM
CRM_REST_AQUISICAO_CRM_CPF_LIBERADO_NOVEMBRO_OFERTAS_11_11_2022_WHATSAPP,CRM Aquisição,CRM,CRM
CRM_REST_AQUISICAO_CRM_CPF_MSG_COMERCIAL_25_8_2022_WHATSAPP,CRM Aquisição,CRM,CRM
CRM_REST_AQUISICAO_CRM_CPF_SABADO_24_9_2022_WHATSAPP,CRM Aquisição,CRM,CRM
CRM_REST_AQUISICAO_CRM_CPF_SEMANA1_4_10_2022_WHATSAPP,CRM Aquisição,CRM,CRM
CRM_REST_AQUISICAO_CRM_CPF_TOOLKIT_23_8_2022_WHATSAPP,CRM Aquisição,CRM,CRM
CRM_REST_AQUISICAO_CRM_ENTRE_omie_24_MESES_10_10_2022_WHATSAPP,CRM Aquisição,CRM,CRM
CRM_REST_AQUISICAO_CRM_ENTRE_omie_24_MESES_14_10_2022_WHATSAPP,CRM Aquisição,CRM,CRM
CRM_REST_AQUISICAO_CRM_ENTRE_omie_24_MESES_17_10_2022_WHATSAPP,CRM Aquisição,CRM,CRM
CRM_REST_AQUISICAO_CRM_EXPANSAODEHUB_6_9_2022_WHATSAPP,CRM Aquisição,CRM,CRM
CRM_REST_AQUISICAO_CRM_LEADS_TRESMESES_26_8_2022_WHATSAPP,CRM Aquisição,CRM,CRM
CRM_REST_AQUISICAO_CRM_PROSPECTS_SEM_CNPJ_20_12_2022_WHATSAPP,CRM Aquisição,CRM,CRM
CRM_REST_AQUISICAO_CRM_PROSPECTS_SEM_CNPJ_26_12_2022_WHATSAPP,CRM Aquisição,CRM,CRM
CRM_REST_AQUISICAO_CRM_RECUPERACAO_BASE_CHURNADA_6_10_2022_WHATSAPP,CRM Aquisição,CRM,CRM
CRM_REST_AQUISICAO_CRM_SEGUNDO+DISPARO_26_8_2022_WHATSAPP,CRM Aquisição,CRM,CRM
CRM_REST_AQUISICAO_CRM_TESTE_CONTAS_1_12_2022_WHATSAPP,CRM Aquisição,CRM,CRM
CRM_REST_AQUISICAO_CRM_TESTE_CONTAS_BLACK_FRIDAY_11_11_2022_WHATSAPP,CRM Aquisição,CRM,CRM
CRM_REST_AQUISICAO_CRM_TESTE_CONTAS_QUENTE_20_9_2022_WHATSAPP,CRM Aquisição,CRM,CRM
CRM_REST_AQUISICAO_CRM_TESTE_CONTAS_QUENTE_28_9_2022_WHATSAPP,CRM Aquisição,CRM,CRM
CRM_Rest_aquisicao_expans%C3%A3o_1p,CRM Aquisição,CRM,CRM
CRM_Rest_Aquisicao_freetrial_15_06,CRM Aquisição,CRM,CRM
CRM_REST_AQUISICAO_PLANEJAMENTO_COMERCIAL,CRM Aquisição,CRM,CRM
CRM_Rest_Aquisicao_Planejamento_Comercial_1P_12_08,CRM Aquisição,CRM,CRM
CRM_Rest_Aquisicao_Planejamento_Comercial_Abandono_Midia_1_24_11,CRM Abandono,CRM,CRM
CRM_Rest_Aquisicao_Planejamento_Comercial_Abandono_Midia_1_A_20_01,CRM Abandono,CRM,CRM
CRM_Rest_Aquisicao_Planejamento_Comercial_Abandono_Midia_2_24_11,CRM Abandono,CRM,CRM
CRM_Rest_Aquisicao_Planejamento_Comercial_Abandono_Midia_2_A_20_01,CRM Abandono,CRM,CRM
CRM_Rest_Aquisicao_Planejamento_Comercial_Abandono_Midia_3_24_11,CRM Abandono,CRM,CRM
CRM_Rest_Aquisicao_Planejamento_Comercial_Abandono_Midia_3_B_20_01,CRM Abandono,CRM,CRM
CRM_Rest_Aquisicao_Planejamento_Comercial_Abandono_Midia_4_24_11,CRM Abandono,CRM,CRM
CRM_Rest_Aquisicao_Planejamento_Comercial_Abandono_SMS_Midia_1_24_11,CRM Abandono,CRM,CRM
CRM_Rest_Aquisicao_Planejamento_Comercial_Abandono_SMS_Midia_2_24_11,CRM Abandono,CRM,CRM
CRM_Rest_Aquisicao_Planejamento_Comercial_Abandono1_11_08,CRM Abandono,CRM,CRM
CRM_Rest_Aquisicao_Planejamento_Comercial_Abandono1_Midia,CRM Abandono,CRM,CRM
CRM_Rest_Aquisicao_Planejamento_Comercial_Abandono2_11_08,CRM Abandono,CRM,CRM
CRM_Rest_Aquisicao_Planejamento_Comercial_Abandono2_Midia,CRM Abandono,CRM,CRM
CRM_Rest_Aquisicao_Planejamento_Comercial_Abandono3_11_08,CRM Abandono,CRM,CRM
CRM_Rest_Aquisicao_Planejamento_Comercial_Abandono3_CTA_1_Midia,CRM Abandono,CRM,CRM
CRM_Rest_Aquisicao_Planejamento_Comercial_Abandono3_CTA_2_Midia,CRM Abandono,CRM,CRM
CRM_Rest_Aquisicao_Planejamento_Comercial_Abandono3_CTA2_11_08,CRM Abandono,CRM,CRM
CRM_Rest_Aquisicao_Planejamento_Comercial_Acao_Taxa_Reduzida_JAN_26_01,CRM Aquisição,CRM,CRM
CRM_Rest_Aquisicao_Planejamento_Comercial_Acao_Taxa_Reduzida_MAR_18_03,CRM Aquisição,CRM,CRM
CRM_Rest_Aquisicao_Planejamento_Comercial_Acao_Taxa_Reduzida_MAR_23_03,CRM Aquisição,CRM,CRM
CRM_Rest_Aquisicao_Planejamento_Comercial_Acao_Taxa_Reduzida_MAR_25_03,CRM Aquisição,CRM,CRM
CRM_Rest_Aquisicao_Planejamento_Comercial_Acao_Taxa_Reduzida_MAR_28_03,CRM Aquisição,CRM,CRM
CRM_REST_AQUISICAO_PLANEJAMENTO_COMERCIAL_AQUISI%C3%87%C3%83O_PLANO_PROGRESSIVO_22_8_2022_E-MAIL,CRM Aquisição,CRM,CRM
CRM_REST_AQUISICAO_PLANEJAMENTO_COMERCIAL_AQUISI%C3%87%C3%83O_PLANO_PROGRESSIVO_22_8_2022_WHATSAPP,CRM Aquisição,CRM,CRM
CRM_Rest_Aquisicao_Planejamento_Comercial_aquisicao_crawlers_concorrentes_A_10_02,CRM Aquisição,CRM,CRM
CRM_Rest_Aquisicao_Planejamento_Comercial_aquisicao_crawlers_concorrentes_B_10_02,CRM Aquisição,CRM,CRM
CRM_Rest_Aquisicao_Planejamento_Comercial_CNAE_Email_11_08,CRM Aquisição,CRM,CRM
CRM_Rest_Aquisicao_Planejamento_Comercial_CNAE_email_17_08,CRM Aquisição,CRM,CRM
CRM_Rest_Aquisicao_Planejamento_Comercial_CNAE_WhatsApp+_19_08,CRM Aquisição,CRM,CRM
CRM_Rest_Aquisicao_Planejamento_Comercial_CPF_Email_11_08,CRM Aquisição,CRM,CRM
CRM_Rest_Aquisicao_Planejamento_Comercial_CPF_liberado_A_08_08,CRM Aquisição,CRM,CRM
CRM_Rest_Aquisicao_Planejamento_Comercial_CPF_WhatsApp+_19_08,CRM Aquisição,CRM,CRM
CRM_Rest_Aquisicao_Planejamento_Comercial_EMM_1m%C3%AAs_Gratis_Regua_AbandonoSSI_25_07,CRM Aquisição,CRM,CRM
CRM_Rest_Aquisicao_Planejamento_Comercial_EMM_Tecnologia_omie_Regua_AbandonoSSI_25_07,CRM Aquisição,CRM,CRM
CRM_Rest_Aquisicao_Planejamento_Comercial_FT_enxuta_27_07,CRM Aquisição,CRM,CRM
CRM_Rest_Aquisicao_Planejamento_Comercial_FT_SSI_27_07,CRM Aquisição,CRM,CRM
CRM_Rest_Aquisicao_Planejamento_Comercial_Jornada_Abandono_EM_1_17_03,CRM Abandono,CRM,CRM
CRM_Rest_Aquisicao_Planejamento_Comercial_Jornada_Abandono_EM_2_17_03,CRM Abandono,CRM,CRM
CRM_Rest_Aquisicao_Planejamento_Comercial_Jornada_Abandono_EM_3_17_03,CRM Abandono,CRM,CRM
CRM_Rest_Aquisicao_Planejamento_Comercial_Jornada_Abandono_EM_4_17_03,CRM Abandono,CRM,CRM
CRM_Rest_Aquisicao_Planejamento_Comercial_Jornada_Abandono_EM_5_17_03,CRM Abandono,CRM,CRM
CRM_Rest_Aquisicao_Planejamento_Comercial_Jornada_Abandono_SM_1_17_03,CRM Abandono,CRM,CRM
CRM_Rest_Aquisicao_Planejamento_Comercial_Jornada_Abandono_SM_2_17_03,CRM Abandono,CRM,CRM
CRM_Rest_Aquisicao_Planejamento_Comercial_Jornada_Abandono_WPP_1_17_03,CRM Abandono,CRM,CRM
CRM_Rest_Aquisicao_Planejamento_Comercial_Jornada_Abandono_WPP_2_17_03,CRM Abandono,CRM,CRM
CRM_Rest_Aquisicao_Planejamento_Comercial_Jornada_Abandono_WPP_3_17_03,CRM Abandono,CRM,CRM
CRM_Rest_Aquisicao_Planejamento_Comercial_Jornada_Abandono_WPP_4_17_03,CRM Abandono,CRM,CRM
CRM_Rest_Aquisicao_Planejamento_Comercial_Kibon_EM_1_15_03,CRM Aquisição,CRM,CRM
CRM_Rest_Aquisicao_Planejamento_Comercial_Kibon_EM_2_15_03,CRM Aquisição,CRM,CRM
CRM_Rest_Aquisicao_Planejamento_Comercial_Kibon_WPP_1_15_03,CRM Aquisição,CRM,CRM
CRM_Rest_Aquisicao_Planejamento_Comercial_LiberamosCNAE_A_08_08,CRM Aquisição,CRM,CRM
CRM_Rest_Aquisicao_Planejamento_Comercial_plano_essencial_01_09,CRM Aquisição,CRM,CRM
CRM_Rest_Aquisicao_Planejamento_Comercial_regua_abandono_ssi_v4_1_27_07,CRM Abandono,CRM,CRM
CRM_Rest_Aquisicao_Planejamento_Comercial_regua_abandono_ssi_v4_2_27_07,CRM Abandono,CRM,CRM
CRM_Rest_Aquisicao_Planejamento_Comercial_regua_abandono_ssi_v4_3_27_07,CRM Abandono,CRM,CRM
CRM_Rest_Aquisicao_Planejamento_Comercial_regua_abandono_ssi_v4_4_27_07,CRM Abandono,CRM,CRM
CRM_Rest_Aquisicao_Planejamento_Comercial_regua_abandono_ssi_v4_5_27_07,CRM Abandono,CRM,CRM
CRM_Rest_Aquisicao_Planejamento_Comercial_regua_abandono_ssi_v4_6_27_07,CRM Abandono,CRM,CRM
CRM_Rest_Aquisicao_Planejamento_Comercial_regua_abandono_ssi_v4_7_27_07,CRM Abandono,CRM,CRM
CRM_Rest_Aquisicao_Planejamento_Comercial_regua_abandono_ssi_v4_8_27_07,CRM Abandono,CRM,CRM
CRM_Rest_Aquisicao_Planejamento_Comercial_reguadeabandonossisms_17_08,CRM Abandono,CRM,CRM
CRM_Rest_Aquisicao_Planejamento_Comercial_reguadeabandonowpp1_12_08,CRM Abandono,CRM,CRM
CRM_Rest_Aquisicao_Planejamento_Comercial_reguadeabandonowpp2_12_08,CRM Abandono,CRM,CRM
CRM_Rest_Aquisicao_Planejamento_Comercial_reguadeabandonowpp3_12_08,CRM Abandono,CRM,CRM
CRM_Rest_Aquisicao_Planejamento_Comercial_reguadeabandonowpp4_12_08,CRM Abandono,CRM,CRM
CRM_Rest_Aquisicao_Planejamento_Comercial_reguadeleadsemm2_10_08,CRM Abandono,CRM,CRM
CRM_Rest_Aquisicao_Planejamento_Comercial_Show_de_vantagens_t3_t5_11_11,CRM Aquisição,CRM,CRM
CRM_REST_AQUISICAO_PLANEJAMENTO_COMERCIAL+_CONTAS_MORNO_7_9_2022_WHATSAPP,CRM Aquisição,CRM,CRM
CRM_REST_AQUISICAO_PLANEJAMENTO_COMERCIAL+_CONTAS_QUENTE_7_9_2022_WHATSAPP,CRM Aquisição,CRM,CRM
CRM_REST_AQUISICAO_PLANEJAMENTO_COMERCIAL+_CPF_REPIQUE_12_8_2022_WHATSAPP,CRM Aquisição,CRM,CRM
CRM_REST_AQUISICAO_PLANEJAMENTO_COMERCIAL+_FERIADO_CNAE_5_9_2022_WHATSAPP,CRM Aquisição,CRM,CRM
CRM_REST_AQUISICAO_PLANEJAMENTO_COMERCIAL+_FERIADO_CPF_5_9_2022_WHATSAPP,CRM Aquisição,CRM,CRM
CRM_REST_AQUISICAO_PLANEJAMENTO_COMERCIAL+_VOLTE_FINALIZE_AGORA_9_8_2022_WHATSAPP,CRM Aquisição,CRM,CRM
CRM_REST_AQUISICAO_PLANO_PROGRESSIVO_AWARENESS2_31_08_2022_WA,CRM Aquisição,CRM,CRM
CRM_REST_AQUISICAO_PLANO_PROGRESSIVO_AWARENESS2_WHATSAPP,CRM Aquisição,CRM,CRM
CRM_REST_AQUISICAO_REGUA_ABANDONO_MIDIA_V2_EMM1,CRM Abandono,CRM,CRM
CRM_REST_AQUISICAO_REGUA_ABANDONO_MIDIA_V2_EMM2,CRM Abandono,CRM,CRM
CRM_REST_AQUISICAO_REGUA_ABANDONO_MIDIA_V2_EMM3,CRM Abandono,CRM,CRM
CRM_REST_AQUISICAO_REGUA_ABANDONO_MIDIA_V2_EMM4,CRM Abandono,CRM,CRM
CRM_REST_AQUISICAO_REGUA_ABANDONO_MIDIA_V2_EMM5,CRM Abandono,CRM,CRM
CRM_REST_AQUISICAO_REGUA_ABANDONO_MIDIA_V2_EMM6,CRM Abandono,CRM,CRM
CRM_REST_AQUISICAO_REGUA_ABANDONO_MIDIA_V2_EMM7,CRM Abandono,CRM,CRM
CRM_REST_AQUISICAO_REGUA_ABANDONO_MIDIA_V2_WPP1,CRM Abandono,CRM,CRM
CRM_REST_AQUISICAO_REGUA_ABANDONO_MIDIA_V2_WPP2,CRM Abandono,CRM,CRM
CRM_REST_AQUISICAO_REGUA_ABANDONO_MIDIA_V2_WPP3,CRM Abandono,CRM,CRM
CRM_REST_AQUISICAO_REGUA_ABANDONO_MIDIA_V2_WPP4,CRM Abandono,CRM,CRM
CRM_REST_AQUISICAO_REGUA_ABANDONO_MIDIA_V2_WPP5,CRM Abandono,CRM,CRM
CRM_REST_AQUISICAO_REGUA_ABANDONO_MIDIA_V2_WPP6,CRM Abandono,CRM,CRM
CRM_REST_AQUISICAO_REGUA_ABANDONO_MIDIA_V2_WPP7,CRM Abandono,CRM,CRM
CRM_REST_AQUISICAO_REGUA_ABANDONO_V4_EMM1,CRM Abandono,CRM,CRM
CRM_REST_AQUISICAO_REGUA_ABANDONO_V4_EMM2,CRM Abandono,CRM,CRM
CRM_REST_AQUISICAO_REGUA_ABANDONO_V4_EMM3,CRM Abandono,CRM,CRM
CRM_REST_AQUISICAO_REGUA_ABANDONO_V4_EMM4,CRM Abandono,CRM,CRM
CRM_REST_AQUISICAO_REGUA_ABANDONO_V4_EMM5,CRM Abandono,CRM,CRM
CRM_REST_AQUISICAO_REGUA_ABANDONO_V4_EMM6,CRM Abandono,CRM,CRM
CRM_REST_AQUISICAO_REGUA_ABANDONO_V4_EMM7,CRM Abandono,CRM,CRM
CRM_REST_AQUISICAO_REGUA_ABANDONO_V4_EMM8,CRM Abandono,CRM,CRM
CRM_REST_AQUISICAO_REGUA_ABANDONOMIDIA_10CUPONS_V2_EMM2,CRM Abandono,CRM,CRM
CRM_REST_AQUISICAO_REGUA_ABANDONOMIDIA_LOGISICA_omie_V2_EMM4,CRM Abandono,CRM,CRM
CRM_REST_AQUISICAO_REGUA_ABANDONOMIDIA_PLANOENTREGA_PLANOBASICO_V2_EMM3,CRM Abandono,CRM,CRM
CRM_REST_AQUISICAO_REGUA_ABANDONOMIDIA_TECNOLOGIAomie_V2_EMM6,CRM Abandono,CRM,CRM
CRM_REST_AQUISICAO_REGUA_ABANDONOMIDIA_VANTANGES_omieSHOP_V2_EMM5,CRM Abandono,CRM,CRM
CRM_REST_AQUISICAO_REGUA_LEADS_V1_EMM8,CRM Aquisição,CRM,CRM
CRM_REST_AQUISICAO_REGUA_LEADS_V1_WPP6,CRM Aquisição,CRM,CRM
CRM_REST_AQUISICAO_REGUA_LEADS_V1_WPP8,CRM Aquisição,CRM,CRM
CRM_Rest_Aquisicao_SSI_Cadastro_07_01,CRM Aquisição,CRM,CRM
CRM_REST_ATIVACAO_CRM_ATIVACAO_FINALIZE_20_12_2022_WHATSAPP,CRM Aquisição,CRM,CRM
CRM_Rest_Ativacao_Planejamento_Comercial_moneyin30_04_11_leads,CRM Aquisição,CRM,CRM
CRM_REST_ATRACAO_CRM_ABANDONO_SSI_31_10_2022_WHATSAPP,CRM Abandono,CRM,CRM
CRM_REST_ATRACAO_CRM_BASE_CHURN_12A23M_PT1_TESTEA_20_10_2022_WHATSAPP,CRM Churn,CRM,CRM
CRM_REST_ATRACAO_CRM_BASE_CHURN_12A23M_PT1_TESTEB_20_10_2022_WHATSAPP,CRM Churn,CRM,CRM
CRM_REST_ATRACAO_CRM_BASE_CHURN_12A23M_PT2_21_10_2022_WHATSAPP,CRM Churn,CRM,CRM
CRM_REST_ATRACAO_CRM_BASE_CHURN_12A23M_PT3_22_10_2022_WHATSAPP,CRM Churn,CRM,CRM
CRM_REST_ATRACAO_CRM_CONTAS_CNAE_1_11_2022_WHATSAPP,CRM Aquisição,CRM,CRM
CRM_REST_ATRACAO_CRM_CONTAS_CPF_1_11_2022_WHATSAPP,CRM Aquisição,CRM,CRM
CRM_REST_ENGAJAMENTO_CRM_CHURN_12_A_23M_PART1_8_11_2022_WHATSAPP,CRM Churn,CRM,CRM
CRM_REST_ENGAJAMENTO_CRM_CHURN_24MESES_9_11_2022_WHATSAPP,CRM Churn,CRM,CRM
CRM_Rest_Expansao_50WPP,CRM Aquisição,CRM,CRM
CRM_Rest_Expansao_Vant_3009,CRM Aquisição,CRM,CRM
CRM_Rest_Finalize_e_Ganhe_Junho_B,CRM Aquisição,CRM,CRM
CRM_Rest_Finalize_e_Ganhe_Junho_B_email_1,CRM Aquisição,CRM,CRM
CRM_Rest_Retencao_Planejamento_Comercial_reguadeleadswpp1_06_08,CRM Churn,CRM,CRM
CRM_Rest_Retencao_Planejamento_Comercial_reguadeleadswpp2_06_08,CRM Churn,CRM,CRM
CRM_Rest_Retencao_Planejamento_Comercial_reguadeleadswpp3_06_08,CRM Churn,CRM,CRM
CRM_Rest_Retencao_Planejamento_Comercial_reguadeleadswpp4_06_08,CRM Churn,CRM,CRM
crm-omie_beneficios_inbound_n_mql,CRM Aquisição,CRM,CRM
entrega-facil,Blog,Referral,Referral
entrega-facil,Blog,Referral,Referral
Expans%C3%A3o,Facebook Conversão Aquisição,Meta Ads,Pago
expansao_atracao_fevereiro,Facebook Conversão Aquisição,Meta Ads,Pago
Expansao_Awareness_Display_Conurbadas,Google Display Aquisição,Google Ads,Pago
Expansao_BF_PMax_Conversao782,Google PMax Aquisição,Google Ads,Pago
Expansao_Brand_T1,Google Search Brand Aquisição,Google Ads,Pago
Expansao_Conversao_4_BR,Facebook Conversão Aquisição,Meta Ads,Pago
Expansao_ConversaoDez_Facebook_LaL,Facebook Conversão Aquisição,Meta Ads,Pago
Expansao_ConversaoFev_Facebook_LaL_T1-T2_Ama,Facebook Conversão Aquisição,Meta Ads,Pago
Expansao_ConversaoFev_Facebook_LaL_T1-T2_Taxa,Facebook Conversão Aquisição,Meta Ads,Pago
Expansao_ConversaoFev_Facebook_LaL_T3T6_Ama,Facebook Conversão Aquisição,Meta Ads,Pago
Expansao_ConversaoFev_Facebook_LaL_T3T6_Taxa,Facebook Conversão Aquisição,Meta Ads,Pago
Expansao_ConversaoFev_Facebook_RMKT,Facebook Conversão Remarketing,Meta Ads,Pago
Expansao_ConversaoFev_Facebook_RMKTSSI,Facebook Conversão Remarketing,Meta Ads,Pago
Expansao_ConversaoJan_Facebook,Facebook Conversão Aquisição,Meta Ads,Pago
Expansao_ConversaoJan_Facebook_LaL,Facebook Conversão Aquisição,Meta Ads,Pago
Expansao_ConversaoJan_Facebook_LaL_T1%7ET2,Facebook Conversão Aquisição,Meta Ads,Pago
Expansao_ConversaoJan_Facebook_LaL_Taxa,Facebook Conversão Aquisição,Meta Ads,Pago
Expansao_ConversaoJan_Facebook_RMKT,Facebook Conversão Remarketing,Meta Ads,Pago
Expansao_ConversaoJan_Facebook_RMKTSSI,Facebook Conversão Remarketing,Meta Ads,Pago
Expansao_ConversaoMar_Facebook_1_ano,Facebook Conversão Aquisição,Meta Ads,Pago
Expansao_ConversaoMar_Facebook_LaL_T3T6_Taxa,Facebook Conversão Aquisição,Meta Ads,Pago
Expansao_ConversaoMar_Facebook_RMKT,Facebook Conversão Remarketing,Meta Ads,Pago
Expansao_Discovery_UE,Google Discovery Aquisição,Google Ads,Pago
Expansao_DiscoveryRMKT,Google Discovery Remarketing,Google Ads,Pago
Expansao_DiscoveryRMKT_Leads,Google Discovery Remarketing,Google Ads,Pago
Expansao_Display_Awareness_T3_4_NU,Google Display Aquisição,Google Ads,Pago
Expansao_Facebook_Abordagem_BeneficiosT3T6,Facebook Conversão Aquisição,Meta Ads,Pago
Expansao_Facebook_Abordagem_VisibilidadeT3T6,Facebook Conversão Aquisição,Meta Ads,Pago
Expansao_Facebook_Carrosel_Abordagem_Beneficios_Tp_CozinhaT3T6,Facebook Conversão Aquisição,Meta Ads,Pago
Expansao_Facebook_Carrosel_Abordagem_Visibilidade_Tp_CozinhaT3T6,Facebook Conversão Aquisição,Meta Ads,Pago
Expansao_Facebook_Feed_AndressamamoneT3T6,Facebook Conversão Aquisição,Meta Ads,Pago
Expansao_Facebook_Feed_DanicampanellaT3T6,Facebook Conversão Aquisição,Meta Ads,Pago
Expansao_Facebook_Influenciadores_analouise,Facebook Conversão Aquisição,Meta Ads,Pago
Expansao_Facebook_Influenciadores_Elo,Facebook Conversão Aquisição,Meta Ads,Pago
Expansao_Facebook_Influenciadores_Georgia,Facebook Conversão Aquisição,Meta Ads,Pago
Expansao_Facebook_Influenciadores_T1%7ET2,Facebook Conversão Aquisição,Meta Ads,Pago
Expansao_Facebook_Influenciadores_T1~T2,Facebook Conversão Aquisição,Meta Ads,Pago
Expansao_Facebook_Rells_AnalouisedielT3T6,Facebook Conversão Aquisição,Meta Ads,Pago
Expansao_Facebook_Rells_LeticiacustodioT3T6,Facebook Conversão Aquisição,Meta Ads,Pago
Expansao_Facebook_RMKT_Taxa,Facebook Conversão Remarketing,Meta Ads,Pago
Expansao_Facebook_RMKT_Visibilidade,Facebook Conversão Remarketing,Meta Ads,Pago
expansao_jokerman_off_cadastre_1junho,Facebook Conversão Aquisição,Meta Ads,Pago
expansao_jokerman_off_promotor_lojaacambapau,Facebook Conversão Aquisição,Meta Ads,Pago
expansao_jokerman_off_promotor_lojadsanrstam,Facebook Conversão Aquisição,Meta Ads,Pago
Expansao_Non-Brand_,Google Search Non Brand Aquisição,Google Ads,Pago
Expansao_Non-Brand_T1,Google Search Non Brand Aquisição,Google Ads,Pago
Expansao_Non-Brand_T1-1P,Google Search Non Brand Aquisição,Google Ads,Pago
Expansao_Performance_Max,Google PMax Aquisição,Google Ads,Pago
Expansao_Performance_Max_Aws,Google PMax Aquisição,Google Ads,Pago
Expansao_Performance_Max_Aws_Influs,Google PMax Aquisição,Google Ads,Pago
Expansao_Performance_Max_Aws_Influs2,Google PMax Aquisição,Google Ads,Pago
Expansao_Performance_Max_Aws_Sitelink,Google PMax Aquisição,Google Ads,Pago
Expansao_Performance_Max_Conurbadas,Google PMax Aquisição,Google Ads,Pago
Expansao_Performance_Max_Conurbadas_Sitelink,Google PMax Aquisição,Google Ads,Pago
Expansao_Performance_Max_GrowthT1_2_Sitelink,Google PMax Aquisição,Google Ads,Pago
Expansao_Performance_Max_Meio_Funil,Google PMax Aquisição,Google Ads,Pago
Expansao_Performance_Max_Meio_Funil_sitelink,Google PMax Aquisição,Google Ads,Pago
Expansao_Performance_Max_MMM,Google PMax Aquisição,Google Ads,Pago
Expansao_Performance_Max_sitelink,Google PMax Aquisição,Google Ads,Pago
Expansao_Performance_Max_Sitelink,Google PMax Aquisição,Google Ads,Pago
Expansao_Performance_Max_T1e2,Google PMax Aquisição,Google Ads,Pago
Expansao_Performance_Max_T2-Awareness,Google PMax Aquisição,Google Ads,Pago
Expansao_Pmax_T4_GrupoA,Google PMax Aquisição,Google Ads,Pago
Expansao_Pmax_T4_GrupoB,Google PMax Aquisição,Google Ads,Pago
Expansao_Pmax_T4_GrupoB_sitelink,Google PMax Aquisição,Google Ads,Pago
Expansao_RMKT_T1-T2,Google Search Geral Remarketing,Google Ads,Pago
Expansao_search_black_friday,Google Search Geral Aquisição,Google Ads,Pago
Expansao_search_black_friday_extensao,Google Search Geral Aquisição,Google Ads,Pago
Expansao_Search_CHS70,Google Search Geral Aquisição,Google Ads,Pago
Expansao_Search_chs70,Google Search Geral Aquisição,Google Ads,Pago
Expansao_Search_Conurbada,Google Search Geral Aquisição,Google Ads,Pago
Expansao_Search_Conurbada_extensao,Google Search Geral Aquisição,Google Ads,Pago
Expansao_Search_DSA_Expansao,Google Search Geral Aquisição,Google Ads,Pago
Expansao_Search_DSA_Sitelink,Google Search Geral Aquisição,Google Ads,Pago
Expansao_Search_DSA_Sitelink_T1-T2,Google Search Geral Aquisição,Google Ads,Pago
Expansao_Search_DSA_T1-T2,Google Search Geral Aquisição,Google Ads,Pago
Expansao_Search_Guerrilha,Google Search Geral Aquisição,Google Ads,Pago
Expansao_Search_RMKT_Conurbadas_T1T2,Google Search Geral Remarketing,Google Ads,Pago
Expansao_Search_RMKT_Conurbadas_T1T2_sitelink,Google Search Geral Remarketing,Google Ads,Pago
Expansao_Search_RMKT_finalizar_cadastro,Google Search Geral Remarketing,Google Ads,Pago
Expansao_Search_RMKT_quem_n_comecou,Google Search Geral Remarketing,Google Ads,Pago
Expansao_Search_T1,Google Search Geral Aquisição,Google Ads,Pago
Expansao_Search_T1_NB_sitelink,Google Search Geral Aquisição,Google Ads,Pago
Expansao_Search_T1eT2,Google Search Geral Aquisição,Google Ads,Pago
Expansao_Search_T1eT2_extensao,Google Search Geral Aquisição,Google Ads,Pago
Expansao_Search_T2,Google Search Geral Aquisição,Google Ads,Pago
Expansao_Search_T2_extensao_sitelink,Google Search Geral Aquisição,Google Ads,Pago
Expansao_Search_T2-1P,Google Search Geral Aquisição,Google Ads,Pago
Expansao_Search_T3,Google Search Geral Aquisição,Google Ads,Pago
Expansao_Search_T4,Google Search Geral Aquisição,Google Ads,Pago
Expansao_Search_T4_GrupoA,Google Search Geral Aquisição,Google Ads,Pago
Expansao_Search_T4_GrupoA_C,Google Search Geral Aquisição,Google Ads,Pago
Expansao_Search_T4_GrupoA_NB,Google Search Geral Aquisição,Google Ads,Pago
Expansao_Search_T4_GrupoA_sitelink,Google Search Geral Aquisição,Google Ads,Pago
Expansao_Search_T4_GrupoB,Google Search Geral Aquisição,Google Ads,Pago
Expansao_Search_T4_GrupoB_C,Google Search Geral Aquisição,Google Ads,Pago
Expansao_Search_T4_GrupoB_NB,Google Search Geral Aquisição,Google Ads,Pago
Expansao_Search_T4_GrupoB_sitelink,Google Search Geral Aquisição,Google Ads,Pago
Expansao_Search_T4_Sitelink,Google Search Geral Aquisição,Google Ads,Pago
Expansao_Search_T5-6_Sitelink,Google Search Geral Aquisição,Google Ads,Pago
Expansao_Search_Teste_Aceleracao,Google Search Geral Aquisição,Google Ads,Pago
Expansao_Search_Teste_Aceleracao_Sitelink,Google Search Geral Aquisição,Google Ads,Pago
Expansao_Search_Tier3,Google Search Geral Aquisição,Google Ads,Pago
Expansao_Search_Tier3_Sitelink,Google Search Geral Aquisição,Google Ads,Pago
Expansao_Search_Tier4,Google Search Geral Aquisição,Google Ads,Pago
Expansao_Search_Tier5_6,Google Search Geral Aquisição,Google Ads,Pago
Expansao_Search_Top_cities,Google Search Geral Aquisição,Google Ads,Pago
Expansao_Search_Top_Kws,Google Search Geral Aquisição,Google Ads,Pago
Expansao_Search_VANT,Google Search Geral Aquisição,Google Ads,Pago
Expansao_SearchCHS70_Sitelink,Google Search Geral Aquisição,Google Ads,Pago
Expansao_SearchGuerrilha_Sitelink,Google Search Geral Aquisição,Google Ads,Pago
Expansao_Searchr_chs70_Sitelink,Google Search Geral Aquisição,Google Ads,Pago
Expansao_Searchrmkt_n_comecou_cadastro_Sitelink,Google Search Geral Aquisição,Google Ads,Pago
Expansao_Searchrmkt_quem_iniciou_cadastro,Google Search Geral Aquisição,Google Ads,Pago
Expansao_Searchrmkt_SSI_Sitelink,Google Search Geral Aquisição,Google Ads,Pago
Expansao_SearchTier3_Sitelink,Google Search Geral Aquisição,Google Ads,Pago
Expansao_SearchTier4_Sitelink,Google Search Geral Aquisição,Google Ads,Pago
Expansao_SearchTier5_6_Sitelink,Google Search Geral Aquisição,Google Ads,Pago
Expansao_SearchTierCHS70_Sitelink,Google Search Geral Aquisição,Google Ads,Pago
Expansao_Searchtopcities_Sitelink,Google Search Geral Aquisição,Google Ads,Pago
Expansao_SearchtopKW_Sitelink,Google Search Geral Aquisição,Google Ads,Pago
Expansao_T3_1P,Google Search Geral Aquisição,Google Ads,Pago
Expansao_T4-1P,Google Search Geral Aquisição,Google Ads,Pago
Expansao_Youtube_Awareness_T3_6,Google YouTube Aquisição,Google Ads,Pago
Facebook_Conversao_Abordagem_Beneficios,Facebook Conversão Aquisição,Meta Ads,Pago
Facebook_Conversao_Abordagem_Visibilidade,Facebook Conversão Aquisição,Meta Ads,Pago
Growth_Brand_T1,Google Search Brand Aquisição,Google Ads,Pago
Growth_Non-Brand_T1,Google Search Non Brand Aquisição,Google Ads,Pago
Growth_Search_T2,Google Search Geral Aquisição,Google Ads,Pago
Hands_T1-T2_Conversao,Google Search Geral Aquisição,Google Ads,Pago
omie__ef_wpp-txt_mgm,Facebook WhatsApp Aquisição,Meta Ads,Pago
omie_br_b2b_bing-display_conv-rmkt-aon_black-friiday-3meses,Bing Display Remarketing,Microsoft Advertising,Pago
omie_br_b2b_bing-display_conv-rmkt-aon_rmkt-br,Bing Display Remarketing,Microsoft Advertising,Pago
omie_br_b2b_bing-search_rmkt_rmkt-br,Bing Search Geral Remarketing,Microsoft Advertising,Pago
omie_br_b2b_bing-search-brand_aon_branded,Bing Search Brand Remarketing,Microsoft Advertising,Pago
omie_br_b2b_criteo_prospeccao-aon,Criteo Aquisição,Criteo,Pago
omie_br_b2b_criteo_rmkt-aon,Criteo Remarketing,Criteo,Pago
omie_br_b2b_facebook_conv-aon_carrossel-conv-set,Facebook Conversão Aquisição,Meta Ads,Pago
omie_br_b2b_facebook_conv-aon_foodtruck-conv-set,Facebook Conversão Aquisição,Meta Ads,Pago
omie_br_b2b_facebook_conv-aon_foodtruck-set,Facebook Conversão Aquisição,Meta Ads,Pago
omie_br_b2b_facebook_conv-aon_gatilho-dezembro,Facebook Conversão Aquisição,Meta Ads,Pago
omie_br_b2b_facebook_conv-aon_gatilho-dezembro-e-cupons,Facebook Conversão Aquisição,Meta Ads,Pago
omie_br_b2b_facebook_conv-aon_personaepratos-ago,Facebook Conversão Aquisição,Meta Ads,Pago
omie_br_b2b_facebook_conv-aon_persona-mais-nova-out,Facebook Conversão Aquisição,Meta Ads,Pago
omie_br_b2b_facebook_conv-aon_persona-mais-nova-out-blast,Facebook Conversão Aquisição,Meta Ads,Pago
omie_br_b2b_facebook_conv-aon_persona-mais-velha-out,Facebook Conversão Aquisição,Meta Ads,Pago
omie_br_b2b_facebook_conv-aon_persona-set,Facebook Conversão Aquisição,Meta Ads,Pago
omie_br_b2b_facebook_conv-aon_pratosperso-conv-ago,Facebook Conversão Aquisição,Meta Ads,Pago
omie_br_b2b_facebook_conv-aon_v2_interesses_B2B,Facebook Conversão Aquisição,Meta Ads,Pago
omie_br_b2b_facebook_conv-aon_v2_interesses_B2CB,Facebook Conversão Aquisição,Meta Ads,Pago
omie_br_b2b_facebook_conv-aon-lookalike-top-rest_foodtruck-br-set,Facebook Conversão Aquisição,Meta Ads,Pago
omie_br_b2b_facebook_conv-aon-lookalike-top-rest_gatilho-dezembro,Facebook Conversão Aquisição,Meta Ads,Pago
omie_br_b2b_facebook_conv-aon-lookalike-top-rest_gatilho-dezembro-e-cupons,Facebook Conversão Aquisição,Meta Ads,Pago
omie_br_b2b_facebook_conv-aon-lookalike-top-rest_persona-br-ago,Facebook Conversão Aquisição,Meta Ads,Pago
omie_br_b2b_facebook_conv-aon-lookalike-top-rest_persona-br-set,Facebook Conversão Aquisição,Meta Ads,Pago
omie_br_b2b_facebook_conv-black-friday-nov_tres-meses-bf,Facebook Conversão Aquisição,Meta Ads,Pago
omie_br_b2b_facebook_conv-black-friday-nov_tres-meses-bf-aberto,Facebook Conversão Aquisição,Meta Ads,Pago
omie_br_b2b_facebook_conv-black-friday-nov_tres-meses-bf-interesses,Facebook Conversão Aquisição,Meta Ads,Pago
omie_br_b2b_facebook_conv-black-friday-nov_tres-meses-bf-interesses-B2B,Facebook Conversão Aquisição,Meta Ads,Pago
omie_br_b2b_facebook_conv-black-friday-nov_tres-meses-bf-lal,Facebook Conversão Aquisição,Meta Ads,Pago
omie_br_b2b_facebook_conv-reels-aon_video-joao-delivery,Facebook Conversão Aquisição,Meta Ads,Pago
omie_br_b2b_facebook_rmkt-aon_rmkt-aon,Facebook Conversão Remarketing,Meta Ads,Pago
omie_br_b2b_facebook_rmkt-aon_rmkt-criativos-agosto,Facebook Conversão Remarketing,Meta Ads,Pago
omie_br_b2b_facebook_rmkt-aon_v2_rmkt-aon,Facebook Conversão Remarketing,Meta Ads,Pago
omie_br_b2b_g-discovery_aon_discovery-br2,Google Discovery Aquisição,Google Ads,Pago
omie_br_b2b_g-display_conv-rmkt-cpf-aon_b_rmkt-cpf-b,Google Display Remarketing,Google Ads,Pago
omie_br_b2b_g-display_conv-rmkt-cpf-aon_rmkt-cpf,Google Display Remarketing,Google Ads,Pago
omie_br_b2b_g-pmax_inicio-cadastro-bf22,Google Pmax Aquisição,Google Ads,Pago
omie_br_b2b_g-search_aon,Google Search Geral Aquisição,Google Ads,Pago
omie_br_b2b_g-search_aon_black-friday-22-non-branded,Google Search Geral Aquisição,Google Ads,Pago
omie_br_b2b_g-search_aon_non-branded,Google Search Non Branded Aquisição,Google Ads,Pago
omie_br_b2b_g-search_aon_non-branded_dinamico,Google Search Non Branded Aquisição,Google Ads,Pago
omie_br_b2b_g-search_dsa_dsa_non-branded,Google Search Non Branded Aquisição,Google Ads,Pago
omie_br_b2b_g-search_formulario_,Google Search Geral Aquisição,Google Ads,Pago
omie_br_b2b_g-search_kws-amplas_ampla-google,Google Search Geral Aquisição,Google Ads,Pago
omie_br_b2b_g-search_kws-amplas_como-vender,Google Search Geral Aquisição,Google Ads,Pago
omie_br_b2b_g-search_rmkt_black-friday-22,Google Search Geral Remarketing,Google Ads,Pago
omie_br_b2b_g-search_rmkt_rmkt-dinamico,Google Search Geral Remarketing,Google Ads,Pago
omie_br_b2b_g-search-brand_aon,Google Search Branded Aquisição,Google Ads,Pago
omie_br_b2b_g-search-brand_aon_black-friday-22,Google Search Branded Aquisição,Google Ads,Pago
omie_br_b2b_g-search-brand_aon_branded,Google Search Branded Aquisição,Google Ads,Pago
omie_br_b2b_g-search-brand_aon_branded_dinamico,Google Search Branded Aquisição,Google Ads,Pago
omie_br_b2b_g-youtube_leads-video-action-bf22_leads-video-action-bf22,Google YouTube Aquisição,Google Ads,Pago
omie_br_lancamento_live_live_dezembro22,Google Search Geral Aquisição,Google Ads,Pago
omie_br_lancamento-live_live_dezembro22,Google Search Geral Aquisição,Google Ads,Pago
omie_br_strategy-4_b2b_native-320x50_seedtag,Seedtag Native,Seedtag,Pago
omie_br_todas_b2b_bing-display_conv-rmkt-aon_rmkt-br,Bing Display Remarketing,Microsoft Advertising,Pago
omie_br_todas_b2b_bing-search_rmkt_rmkt-br,Bing Search Geral Remarketing,Microsoft Advertising,Pago
omie_br_todas_b2b_bing-search-brand_aon_branded,Bing Search Brand Aquisição,Microsoft Advertising,Pago
omie_br_todas_b2b_facebook_conv-ao,Facebook Conversão Aquisição,Meta Ads,Pago
omie_br_todas_b2b_facebook_conv-aon-lookalike-top-rest_conv-rest-foodtruck-set%20%E2%80%94%20C%C3%B3pia,Facebook Conversão Aquisição,Meta Ads,Pago
omie_br_todas_b2b_facebook_conv-aon-lookalike-top-rest_conv-rest-persona+%E2%80%94+C%C3%B3pia,Facebook Conversão Aquisição,Meta Ads,Pago
omie_br_todas_b2b_facebook_conv-aon-lookalike-top-rest_copa-do-mundo-v1,Facebook Conversão Aquisição,Meta Ads,Pago
omie_br_todas_b2b_facebook_conv-aon-lookalike-top-rest_foodtruck-br-set,Facebook Conversão Aquisição,Meta Ads,Pago
omie_br_todas_b2b_facebook_conv-aon-lookalike-top-rest_foodtruck-t1t4-set,Facebook Conversão Aquisição,Meta Ads,Pago
omie_br_todas_b2b_facebook_conv-aon-lookalike-top-rest_persona-br-ago,Facebook Conversão Aquisição,Meta Ads,Pago
omie_br_todas_b2b_facebook_conv-aon-lookalike-top-rest_persona-br-set,Facebook Conversão Aquisição,Meta Ads,Pago
omie_br_todas_b2b_facebook_conv-aon-lookalike-top-rest_persona-t1t4-set,Facebook Conversão Aquisição,Meta Ads,Pago
omie_br_todas_b2b_facebook_conv-leads-aon_conv-leads-foodtruck,Facebook Conversão Aquisição,Meta Ads,Pago
omie_br_todas_b2b_facebook_conv-reels-aon_video-joao-delivery,Facebook Conversão Aquisição,Meta Ads,Pago
omie_br_todas_b2b_facebook_conv-rest-lookalike-aon_conv-rest-foodtruck-set,Facebook Conversão Aquisição,Meta Ads,Pago
omie_br_todas_b2b_g-display_conv-rmkt_rmkt-br,Google Dsiplay Remarketing,Google Ads,Pago
omie_br_todas_b2b_g-search_aon,Google Search Geral Aquisição,Google Ads,Pago
omie_br_todas_b2b_g-search_aon_concorrentes,Google Search Non Branded Aquisição,Google Ads,Pago
omie_br_todas_b2b_g-search_aon_non-branded,Google Search Non Branded Aquisição,Google Ads,Pago
omie_br_todas_b2b_g-search_rmkt_rmkt-br,Google Search Geral Remarketing,Google Ads,Pago
omie_br_todas_b2b_g-search_rmkt_rmkt-dinamico,Google Search Geral Remarketing,Google Ads,Pago
omie_br_todas_b2b_g-search-brand_aon_branded,Google Search Branded Aquisição,Google Ads,Pago
omie_br_todas_b2b_g-search-brand_aon_branded_dinamico,Google Search Branded Aquisição,Google Ads,Pago
omie_br_todas_b2b_g-search-brand_aon_branded-copa,Google Search Branded Aquisição,Google Ads,Pago
omie_br_todas_b2b_g-search-brand_aon-copa_branded-copa,Google Search Branded Aquisição,Google Ads,Pago
omie_br_todas_b2b_kwai-video_aon,Kwai,Kwai Ads,Pago
omie_ef_facebook_ef-only,Facebook Conversão Aquisição,Meta Ads,Pago
omie_ef_g-display_ef-only,Google Dsiplay Aquisição,Google Ads,Pago
omie_ef_g-search_ef-only,Google Search Geral Aquisição,Google Ads,Pago
omie_ef_g-search_trafego,Google Search Geral Aquisição,Google Ads,Pago
omie_ef_wpp-txt_entregagratis,Facebook WhatsApp Aquisição,Meta Ads,Pago
omie_ef_wpp-txt_mgm_ofc,Facebook WhatsApp Aquisição,Meta Ads,Pago
omie_ef_wpp-txt_rmkt,Facebook WhatsApp Aquisição,Meta Ads,Pago
omie_groc_g-search_conv-mercado_conv-mercado,Google Search Geral Aquisição,Google Ads,Pago
omie_t1_alta-of-alto-pot_b2b_bing-search_aon_concorrentes,Bing Search Non Branded Aquisição,Microsoft Advertising,Pago
omie_t1_alta-of-alto-pot_b2b_bing-search_aon_non-branded,Bing Search Non Branded Aquisição,Microsoft Advertising,Pago
omie_t1_alta-of-alto-pot_b2b_bing-search_aon_search-1p-t3t4,Bing Search Geral Aquisição,Microsoft Advertising,Pago
omie_t1_alta-of-alto-pot_b2b_g-search_aon,Google Search Geral Aquisição,Google Ads,Pago
omie_t1_alta-of-alto-pot_b2b_g-search_aon_concorrentes,Google Search Non Branded Aquisição,Google Ads,Pago
omie_t1_alta-of-alto-pot_b2b_g-search_aon_non_branded,Google Search Non Branded Aquisição,Google Ads,Pago
omie_t1_alta-of-alto-pot_b2b_g-search_aon_non-branded,Google Search Non Branded Aquisição,Google Ads,Pago
omie_t1_alta-of-alto-pot_b2b_g-search_aon_search_1p_t3t4,Google Search Geral Aquisição,Google Ads,Pago
omie_t1_alta-of-alto-pot_b2b_g-search_aon_search-1p-t3t4,Google Search Geral Aquisição,Google Ads,Pago
omie_t1_media-of-alto-pot_b2b_bing-search_aon_concorrentes,Bing Search Non Branded Aquisição,Microsoft Advertising,Pago
omie_t1_media-of-alto-pot_b2b_bing-search_aon_non-branded,Bing Search Non Branded Aquisição,Microsoft Advertising,Pago
omie_t1_media-of-alto-pot_b2b_bing-search_aon_search-1p-t3t4,Bing Search Geral Aquisição,Microsoft Advertising,Pago
omie_t1_media-of-alto-pot_b2b_g-search_aon,Google Search Geral Aquisição,Google Ads,Pago
omie_t1_media-of-alto-pot_b2b_g-search_aon_concorrentes,Google Search Non Branded Aquisição,Google Ads,Pago
omie_t1_media-of-alto-pot_b2b_g-search_aon_non_branded,Google Search Non Branded Aquisição,Google Ads,Pago
omie_t1_media-of-alto-pot_b2b_g-search_aon_non-branded,Google Search Non Branded Aquisição,Google Ads,Pago
omie_t1_media-of-alto-pot_b2b_g-search_aon_search_1p_t3t4,Google Search Geral Aquisição,Google Ads,Pago
omie_t1_media-of-alto-pot_b2b_g-search_aon_search-1p-t3t4,Google Search Geral Aquisição,Google Ads,Pago
omie_t1-t2_media-of-alto-pot_b2b_g-pmax_contrato_,Google PMax Aquisição,Google Ads,Pago
omie_t1-t2_teste-7-cidades_b2b_g-pmax_contrato,Google PMax Aquisição,Google Ads,Pago
omie_t1-t2_teste-7-cidades_b2b_g-pmax_contrato_,Google PMax Aquisição,Google Ads,Pago
omie_t1-t2_todas_b2b_bing-search_rmkt_rmkt-t1t2,Bing Search Geral Remarketing,Microsoft Advertising,Pago
omie_t1-t2_todas_b2b_facebook_conv_aon_Convers%C3%A3o%20%7C%20Campanha%20T1~T2%20%7C%20Influenciadores,Facebook Conversão Aquisição,Meta Ads,Pago
omie_t1-t2_todas_b2b_facebook_conv_aon_Convers%C3%A3o+%7C+Campanha+T1%7ET2+%7C+Influenciadores,Facebook Conversão Aquisição,Meta Ads,Pago
omie_t1-t2_todas_b2b_facebook_conv-aon_conv-personaepratos-t1t2,Facebook Conversão Aquisição,Meta Ads,Pago
omie_t1-t2_todas_b2b_facebook_conv-aon_conv-persona-t1t2,Facebook Conversão Aquisição,Meta Ads,Pago
omie_t1-t2_todas_b2b_g-display_conv-rmkt-aon_rmkt,Facebook Conversão Remarketing,Meta Ads,Pago
omie_t1-t2_todas_b2b_g-display_conv-rmkt-aon_rmkt-30-dias,Facebook Conversão Remarketing,Meta Ads,Pago
omie_t1-t2_todas_b2b_g-display_conv-rmkt-aon_rmkt-7-dias,Facebook Conversão Remarketing,Meta Ads,Pago
omie_t1-t2_todas_b2b_g-display_conv-rmkt-aon_rmkt-black-friday-22,Facebook Conversão Remarketing,Meta Ads,Pago
omie_t1-t2_todas_b2b_g-display_conv-rmkt-aon-cupom_rmkt,Facebook Conversão Remarketing,Meta Ads,Pago
omie_t1-t2_todas_b2b_g-display_conv-rmkt-aon-rmkt,Facebook Conversão Remarketing,Meta Ads,Pago
omie_t1-t2_todas_b2b_g-display_conv-rmkt-aon-rmkt-+30-dias,Facebook Conversão Remarketing,Meta Ads,Pago
omie_t1-t2_todas_b2b_g-display_conv-rmkt-aon-rmkt-30-dias,Facebook Conversão Remarketing,Meta Ads,Pago
omie_t1-t2_todas_b2b_g-display_conv-rmkt-aon-rmkt-7-dias,Facebook Conversão Remarketing,Meta Ads,Pago
omie_t1-t2_todas_b2b_g-search_rmkt_rmkt_t1t2,Facebook Conversão Remarketing,Meta Ads,Pago
omie_t1-t2_todas_b2b_g-search_rmkt_rmkt-t1t2,Facebook Conversão Remarketing,Meta Ads,Pago
omie_t1-t2_todas_b2b_lnkd-sponsored_sponsored-b2b-linkedin,Linkedin Conversão Aquisição,LinkedIn Ads,Pago
omie_t1-t2_todas_b2b_lnkd-text-ads_sponsored-b2b-linkedin,Linkedin Conversão Aquisição,LinkedIn Ads,Pago
omie_t1-t4_alta-of-baixo-pot_b2b_bing-search_aon_branded,Bing Search Branded Aquisição,Microsoft Advertising,Pago
omie_t1-t4_alta-of-baixo-pot_b2b_bing-search_aon_non-branded,Bing Search Non Branded Aquisição,Microsoft Advertising,Pago
omie_t1-t4_alta-of-baixo-pot_b2b_bing-search_aon_search-1p-t3t4,Bing Search Geral Aquisição,Microsoft Advertising,Pago
omie_t1-t4_alta-of-baixo-pot_b2b_g-search_aon,Google Search Geral Aquisição,Google Ads,Pago
omie_t1-t4_alta-of-baixo-pot_b2b_g-search_aon_branded,Google Search Branded Aquisição,Google Ads,Pago
omie_t1-t4_alta-of-baixo-pot_b2b_g-search_aon_concorrentes,Google Search Non Branded Aquisição,Google Ads,Pago
omie_t1-t4_alta-of-baixo-pot_b2b_g-search_aon_non_branded,Google Search Non Branded Aquisição,Google Ads,Pago
omie_t1-t4_alta-of-baixo-pot_b2b_g-search_aon_non-branded,Google Search Non Branded Aquisição,Google Ads,Pago
omie_t1-t4_alta-of-baixo-pot_b2b_g-search_aon_search_1p_t3t4,Google Search Geral Aquisição,Google Ads,Pago
omie_t1-t4_alta-of-baixo-pot_b2b_g-search_aon_search-1p-t3t4,Google Search Geral Aquisição,Google Ads,Pago
omie_t1-t4_todas_b2b_bing-display_conv-aon_t1-t4,Bing Display Aquisição,Microsoft Advertising,Pago
omie_t1-t4_todas_b2b_bing-search_kws-genericas_t1-t4_kws-amplas,Bing Search Non Branded Aquisição,Microsoft Advertising,Pago
omie_t1-t4_todas_b2b_facebook_conv-aon_Convers%25C3%25A3o%2B%257C%2BCampanha%2BT1%257ET4,Facebook Conversão Aquisição,Meta Ads,Pago
omie_t1-t4_todas_b2b_facebook_conv-aon_Convers%C3%A3o%20%7C%20Campanha%20T1~T4,Facebook Conversão Aquisição,Meta Ads,Pago
omie_t1-t4_todas_b2b_facebook_conv-aon_Convers%C3%A3o+%7C+Campanha+T1%7ET4,Facebook Conversão Aquisição,Meta Ads,Pago
omie_t1-t4_todas_b2b_facebook_conv-aon_perso-conv,Facebook Conversão Aquisição,Meta Ads,Pago
omie_t1-t4_todas_b2b_facebook_conv-aon_pratosperso-conv,Facebook Conversão Aquisição,Meta Ads,Pago
omie_t1-t4_todas_b2b_facebook_conv-aon-lookalike-top-rest_conversao-t1t4-persona,Facebook Conversão Aquisição,Meta Ads,Pago
omie_t1-t4_todas_b2b_facebook_conv-aon-lookalike-top-rest_conversao-t1t4-pratos,Facebook Conversão Aquisição,Meta Ads,Pago
omie_t1-t4_todas_b2b_facebook_conv-aon-lookalike-top-rest_personapratos-t1t4,Facebook Conversão Aquisição,Meta Ads,Pago
omie_t1-t4_todas_b2b_facebook_conv-aon-lookalike-top-rest_persona-t1t4,Facebook Conversão Aquisição,Meta Ads,Pago
omie_t1-t4_todas_b2b_facebook_conv-f-trial-reaquisicao-aon_reaquisicao-free-trial,Facebook Conversão Aquisição,Meta Ads,Pago
omie_t1-t4_todas_b2b_facebook_conv-leads-aon_conv-leads,Facebook Conversão Aquisição,Meta Ads,Pago
omie_t1-t4_todas_b2b_facebook_conv-reels-aon_V%C3%ADdeo,Facebook Conversão Aquisição,Meta Ads,Pago
omie_t1-t4_todas_b2b_facebook_conv-reels-aon_video,Facebook Conversão Aquisição,Meta Ads,Pago
omie_t1-t4_todas_b2b_facebook_conv-rest-lookalike-aon_conv-rest,Facebook Conversão Aquisição,Meta Ads,Pago
omie_t1-t4_todas_b2b_facebook_conv-rest-lookalike-aon_conv-rest-persona,Facebook Conversão Aquisição,Meta Ads,Pago
omie_t1-t4_todas_b2b_facebook_rmkt-aon_rmkt-t1t4,Facebook Conversão Remarketing,Meta Ads,Pago
omie_t1-t4_todas_b2b_g-display_conv-rmkt-2d-aon_A_rmkt-2-dias,Google Display Remarketing,Google Ads,Pago
omie_t1-t4_todas_b2b_g-display_conv-rmkt-2d-aon_B_rmkt-2-dias,Google Display Remarketing,Google Ads,Pago
omie_t1-t4_todas_b2b_g-display_conv-rmkt-2d-aon_rmkt-2-dias,Google Display Remarketing,Google Ads,Pago
omie_t1-t4_todas_b2b_g-display_conv-rmkt-30d-aon_rmkt-30-dias,Google Display Remarketing,Google Ads,Pago
omie_t1-t4_todas_b2b_g-display_conv-rmkt-60d-aon_A_rmkt-60-dias,Google Display Remarketing,Google Ads,Pago
omie_t1-t4_todas_b2b_g-display_conv-rmkt-60d-aon_B_rmkt-60-dias,Google Display Remarketing,Google Ads,Pago
omie_t1-t4_todas_b2b_g-display_conv-rmkt-60d-aon_rmkt-60-dias,Google Display Remarketing,Google Ads,Pago
omie_t1-t4_todas_b2b_g-display_rmkt-free-trial-2d-aon_rmkt-2d-freetrial,Google Display Remarketing,Google Ads,Pago
omie_t1-t4_todas_b2b_g-search_kws-gastronomia_t1-t4_como-fazer,Google Search Geral Aquisição,Google Ads,Pago
omie_t1-t4_todas_b2b_g-search_kws-genericas,Google Search Geral Aquisição,Google Ads,Pago
omie_t1-t4_todas_b2b_g-search_kws-genericas_t1-t4_kws-amplas,Google Search Geral Aquisição,Google Ads,Pago
omie_t1-t4_todas_b2b_tiktok_tik-tok-videoanimado-b2b,TikTok Aquisição,TikTok Ads,Pago
omie_t1-t4_todas_b2b_tiktok_tik-tok-videoanimado-b2b_ALL,TikTok Aquisição,TikTok Ads,Pago
omie_t1-t4_todas_b2b_tiktok-pangle_aon,TikTok Aquisição,TikTok Ads,Pago
omie_t1-t4_todas_r-exp_g-display_rmkt-free-trial-2d-aon_rmkt-2d-freetrial,Google Display Remarketing,Google Ads,Pago
omie_t1-t4_todas_r-exp_g-display_rmkt-free-trial-60d-aon_rmkt-60d-freetrial,Google Display Remarketing,Google Ads,Pago
omie_t1-t6_b2b_facebook_conv-preco-flexivel-bf-aon_t1-t3-preco-flexivel-interesses,Facebook Conversão Aquisição,Meta Ads,Pago
omie_t1-t6_b2b_facebook_conv-preco-flexivel-bf-aon_t1-t3-preco-flexivel-lookalike,Facebook Conversão Aquisição,Meta Ads,Pago
omie_t1-t6_b2b_facebook_conv-preco-flexivel-bf-aon_t4-t6-preco-flexivel-interesses,Facebook Conversão Aquisição,Meta Ads,Pago
omie_t1-t6_b2b_g-display_conv-rmkt-preco-flexivel-bf-aon_rmkt-black-friday-22,Google Display Remarketing,Google Ads,Pago
omie_t1-t6_todas_b2b_facebook_conv-preco-flexivel-aon%20%E2%80%94%20C%C3%B3pia_t1-t3-preco-flexivel,Facebook Conversão Aquisição,Meta Ads,Pago
omie_t1-t6_todas_b2b_facebook_conv-preco-flexivel-aon%20%E2%80%94%20C%C3%B3pia_t4-preco-flexivel,Facebook Conversão Aquisição,Meta Ads,Pago
omie_t1-t6_todas_b2b_facebook_conv-preco-flexivel-aon_t1-t3-preco-flexivel-joao-delivery,Facebook Conversão Aquisição,Meta Ads,Pago
omie_t1-t6_todas_b2b_facebook_conv-preco-flexivel-aon_t1-t3-preco-flexivel-lookalike,Facebook Conversão Aquisição,Meta Ads,Pago
omie_t1-t6_todas_b2b_facebook_conv-preco-flexivel-aon_t4-preco-flexivel-lookalike,Facebook Conversão Aquisição,Meta Ads,Pago
omie_t1-t6_todas_b2b_facebook_conv-preco-flexivel-aon_t4-preco-flexivel-lookalike-joao-delivery,Facebook Conversão Aquisição,Meta Ads,Pago
omie_t1-t6_todas_b2b_facebook_conv-preco-flexivel-aon_t4-t6-preco-flexivel-lookalike,Facebook Conversão Aquisição,Meta Ads,Pago
omie_t1-t6_todas_b2b_facebook_conv-preco-flexivel-aon_teste-t1-t3-preco-flexivel-lookalike,Facebook Conversão Aquisição,Meta Ads,Pago
omie_t1-t6_todas_b2b_facebook_conv-preco-flexivel-aon+%E2%80%94+C%C3%B3pia_t1-t3-preco-flexivel,Facebook Conversão Aquisição,Meta Ads,Pago
omie_t1-t6_todas_b2b_facebook_conv-preco-flexivel-aon+%E2%80%94+C%C3%B3pia_t1-t3-preco-flexivel-joao-delivery,Facebook Conversão Aquisição,Meta Ads,Pago
omie_t1-t6_todas_b2b_facebook_conv-preco-flexivel-aon+%E2%80%94+C%C3%B3pia_t4-preco-flexivel,Facebook Conversão Aquisição,Meta Ads,Pago
omie_t1-t6_todas_b2b_facebook_conv-preco-flexivel-aon+%E2%80%94+C%C3%B3pia_t4-t6-preco-flexivel,Facebook Conversão Aquisição,Meta Ads,Pago
omie_t2_alta-of-alto-pot_b2b_bing-search_aon_branded,Bing Search Branded Aquisição,Microsoft Advertising,Pago
omie_t2_alta-of-alto-pot_b2b_bing-search_aon_concorrentes,Bing Search Non Branded Aquisição,Microsoft Advertising,Pago
omie_t2_alta-of-alto-pot_b2b_bing-search_aon_non-branded,Bing Search Non Branded Aquisição,Microsoft Advertising,Pago
omie_t2_alta-of-alto-pot_b2b_bing-search_aon_search-1p-t3t4,Bing Search Geral Aquisição,Microsoft Advertising,Pago
omie_t2_alta-of-alto-pot_b2b_g-search_aon,Google Search Geral Aquisição,Google Ads,Pago
omie_t2_alta-of-alto-pot_b2b_g-search_aon_branded,Google Search Branded Aquisição,Google Ads,Pago
omie_t2_alta-of-alto-pot_b2b_g-search_aon_concorrentes,Google Search Non Branded Aquisição,Google Ads,Pago
omie_t2_alta-of-alto-pot_b2b_g-search_aon_non_branded,Google Search Non Branded Aquisição,Google Ads,Pago
omie_t2_alta-of-alto-pot_b2b_g-search_aon_non-branded,Google Search Non Branded Aquisição,Google Ads,Pago
omie_t2_alta-of-alto-pot_b2b_g-search_aon_search_1p_t3t4,Google Search Geral Aquisição,Google Ads,Pago
omie_t2_alta-of-alto-pot_b2b_g-search_aon_search-1p-t3t4,Google Search Geral Aquisição,Google Ads,Pago
omie_t2_b2b_bing-search-brand_aon_brand-black-friday-3meses,Bing Search Branded Aquisição,Microsoft Advertising,Pago
omie_t2_b2b_bing-search-brand_aon_branded,Bing Search Branded Aquisição,Microsoft Advertising,Pago
omie_t2_media-of-alto-pot_b2b_bing-search_aon_branded,Bing Search Branded Aquisição,Microsoft Advertising,Pago
omie_t2_media-of-alto-pot_b2b_bing-search_aon_non-branded,Bing Search Non Branded Aquisição,Microsoft Advertising,Pago
omie_t2_media-of-alto-pot_b2b_bing-search_aon_search-1p-t3t4,Bing Search Geral Aquisição,Microsoft Advertising,Pago
omie_t2_media-of-alto-pot_b2b_g-search_aon,Google Search Geral Aquisição,Google Ads,Pago
omie_t2_media-of-alto-pot_b2b_g-search_aon_branded,Google Search Branded Aquisição,Google Ads,Pago
omie_t2_media-of-alto-pot_b2b_g-search_aon_concorrentes,Google Search Non Branded Aquisição,Google Ads,Pago
omie_t2_media-of-alto-pot_b2b_g-search_aon_non_branded,Google Search Non Branded Aquisição,Google Ads,Pago
omie_t2_media-of-alto-pot_b2b_g-search_aon_non-branded,Google Search Non Branded Aquisição,Google Ads,Pago
omie_t2_media-of-alto-pot_b2b_g-search_aon_search_1p_t3t4,Google Search Geral Aquisição,Google Ads,Pago
omie_t2_media-of-alto-pot_b2b_g-search_aon_search-1p-t3t4,Google Search Geral Aquisição,Google Ads,Pago
omie_t2_todas_b2b_bing-search-brand_aon_branded,Bing Search Branded Aquisição,Microsoft Advertising,Pago
omie_t2-t4_b2b_g-pmax_teste,Google PMax Aquisição,Google Ads,Pago
omie_t2-t4_b2b_g-search_kws-amplas_ampla-google,Google Search Geral Aquisição,Google Ads,Pago
omie_t2-t4_b2b_g-search_kws-amplas_como-vender,Google Search Geral Aquisição,Google Ads,Pago
omie_t2-t4_media-of-baixo-pot_b2b_bing-search_aon_branded,Bing Search Branded Aquisição,Microsoft Advertising,Pago
omie_t2-t4_media-of-baixo-pot_b2b_bing-search_aon_concorrentes,Bing Search Non Branded Aquisição,Microsoft Advertising,Pago
omie_t2-t4_media-of-baixo-pot_b2b_bing-search_aon_non-branded,Bing Search Non Branded Aquisição,Microsoft Advertising,Pago
omie_t2-t4_media-of-baixo-pot_b2b_bing-search_aon_search-1p-t3t4,Bing Search Geral Aquisição,Microsoft Advertising,Pago
omie_t2-t4_media-of-baixo-pot_b2b_g-pmax_contrato_,Google PMax Aquisição,Google Ads,Pago
omie_t2-t4_media-of-baixo-pot_b2b_g-search_aon,Google Search Geral Aquisição,Google Ads,Pago
omie_t2-t4_media-of-baixo-pot_b2b_g-search_aon_branded,Google Search Branded Aquisição,Google Ads,Pago
omie_t2-t4_media-of-baixo-pot_b2b_g-search_aon_concorrentes,Google Search Non Branded Aquisição,Google Ads,Pago
omie_t2-t4_media-of-baixo-pot_b2b_g-search_aon_non_branded,Google Search Non Branded Aquisição,Google Ads,Pago
omie_t2-t4_media-of-baixo-pot_b2b_g-search_aon_non-branded,Google Search Non Branded Aquisição,Google Ads,Pago
omie_t2-t4_media-of-baixo-pot_b2b_g-search_aon_search_1p_t3t4,Google Search Geral Aquisição,Google Ads,Pago
omie_t2-t4_media-of-baixo-pot_b2b_g-search_aon_search-1p-t3t4,Google Search Geral Aquisição,Google Ads,Pago
omie_t2-t4_media-of-baixo-pot_b2b_g-search_aon-branded,Google Search Branded Aquisição,Google Ads,Pago
omie_t2-t4_media-of-baixo-pot_b2b_g-search_aon-concorrentes,Google Search Non Branded Aquisição,Google Ads,Pago
omie_t2-t4_media-of-baixo-pot_b2b_g-search_aon-search_1p_t3t4,Google Search Geral Aquisição,Google Ads,Pago
omie_t2-t4_todas_b2b_g-pmax_contrato_aon,Google PMax Aquisição,Google Ads,Pago
omie_t3-t4_alta-of-alto-pot_b2b_bing-search_aon_branded,Bing Search Branded Aquisição,Microsoft Advertising,Pago
omie_t3-t4_alta-of-alto-pot_b2b_bing-search_aon_concorrentes,Bing Search Non Branded Aquisição,Microsoft Advertising,Pago
omie_t3-t4_alta-of-alto-pot_b2b_bing-search_aon_non-branded,Bing Search Non Branded Aquisição,Microsoft Advertising,Pago
omie_t3-t4_alta-of-alto-pot_b2b_bing-search_aon_search-1p-t3t4,Bing Search Geral Aquisição,Microsoft Advertising,Pago
omie_t3-t4_alta-of-alto-pot_b2b_g-display_aon-geral,Google Display Aquisição,Google Ads,Pago
omie_t3-t4_alta-of-alto-pot_b2b_g-pmax_contrato_,Google PMax Aquisição,Google Ads,Pago
omie_t3-t4_alta-of-alto-pot_b2b_g-search_aon,Bing Search Geral Aquisição,Microsoft Advertising,Pago
omie_t3-t4_alta-of-alto-pot_b2b_g-search_aon_branded,Google Search Branded Aquisição,Google Ads,Pago
omie_t3-t4_alta-of-alto-pot_b2b_g-search_aon_concorrentes,Google Search Non Branded Aquisição,Google Ads,Pago
omie_t3-t4_alta-of-alto-pot_b2b_g-search_aon_non_branded,Google Search Non Branded Aquisição,Google Ads,Pago
omie_t3-t4_alta-of-alto-pot_b2b_g-search_aon_non-branded,Google Search Non Branded Aquisição,Google Ads,Pago
omie_t3-t4_alta-of-alto-pot_b2b_g-search_aon_search_1p_t3t4,Google Search Geral Aquisição,Google Ads,Pago
omie_t3-t4_alta-of-alto-pot_b2b_g-search_aon_search-1p-t3t4,Google Search Geral Aquisição,Google Ads,Pago
omie_t3-t4_alta-of-alto-pot_b2b_g-search_aon-branded,Google Search Branded Aquisição,Google Ads,Pago
omie_t3-t4_alta-of-alto-pot_b2b_g-search_aon-search_1p_t3t4,Google Search Geral Aquisição,Google Ads,Pago
omie_t3-t4_media-of-alto-pot_b2b_bing-search_aon_branded,Bing Search Branded Aquisição,Microsoft Advertising,Pago
omie_t3-t4_media-of-alto-pot_b2b_bing-search_aon_search-1p-t3t4,Bing Search Geral Aquisição,Microsoft Advertising,Pago
omie_t3-t4_media-of-alto-pot_b2b_g-pmax_contrato_,Google PMax Aquisição,Google Ads,Pago
omie_t3-t4_media-of-alto-pot_b2b_g-search_aon,Google Search Geral Aquisição,Google Ads,Pago
omie_t3-t4_media-of-alto-pot_b2b_g-search_aon_branded,Google Search Branded Aquisição,Google Ads,Pago
omie_t3-t4_media-of-alto-pot_b2b_g-search_aon_concorrentes,Google Search Non Branded Aquisição,Google Ads,Pago
omie_t3-t4_media-of-alto-pot_b2b_g-search_aon_non_branded,Google Search Non Branded Aquisição,Google Ads,Pago
omie_t3-t4_media-of-alto-pot_b2b_g-search_aon_non-branded,Google Search Non Branded Aquisição,Google Ads,Pago
omie_t3-t4_media-of-alto-pot_b2b_g-search_aon_search_1p_t3t4,Google Search Geral Aquisição,Google Ads,Pago
omie_t3-t4_media-of-alto-pot_b2b_g-search_aon_search-1p-t3t4,Google Search Geral Aquisição,Google Ads,Pago
omie_t3-t4_media-of-alto-pot_b2b_g-search_aon-branded,Google Search Branded Aquisição,Google Ads,Pago
omie_t3-t4_media-of-alto-pot_b2b_g-search_aon-search_1p_t3t4,Google Search Geral Aquisição,Google Ads,Pago
omie_t3-t4_media-of-baixo-pot_b2b_g-display_testelp_1p-,Google Display Aquisição,Google Ads,Pago
omie_t3-t4_media-of-baixo-pot_b2b_g-search_testelp_1p_testelp-1p,Google Search Geral Aquisição,Google Ads,Pago
omie_t3-t4_media-of-baixo-pot_b2b_g-search_testelp_1p-testelp_1p,Google Search Geral Aquisição,Google Ads,Pago
omie_t3-t4_todas_b2b_bing-search_rmkt_rmkt-t3t4,Bing Search Geral Remarketing,Microsoft Advertising,Pago
omie_t3-t4_todas_b2b_facebook_conv_aon_Abordagem%20Visibilidade,Facebook Conversão Aquisição,Meta Ads,Pago
omie_t3-t4_todas_b2b_facebook_conv_aon_Abordagem+Benef%C3%ADcios,Facebook Conversão Aquisição,Meta Ads,Pago
omie_t3-t4_todas_b2b_facebook_conv_aon_Abordagem+Visibilidade,Facebook Conversão Aquisição,Meta Ads,Pago
omie_t3-t4_todas_b2b_facebook_conv_aon_Convers%C3%A3o+%7C+Persona,Facebook Conversão Aquisição,Meta Ads,Pago
omie_t3-t4_todas_b2b_facebook_conv_aon_conv-persona-t3t4,Facebook Conversão Aquisição,Meta Ads,Pago
omie_t3-t4_todas_b2b_facebook_conv_aon_conv-pratos-t3t4,Facebook Conversão Aquisição,Meta Ads,Pago
omie_t3-t4_todas_b2b_facebook_conv_aon_personapratos-t3t4,Facebook Conversão Aquisição,Meta Ads,Pago
omie_t3-t4_todas_b2b_facebook_conv_aon_persona-t3t4,Facebook Conversão Aquisição,Meta Ads,Pago
omie_t3-t4_todas_b2b_g-display_conv-rmkt-aon_rmkt-7-dias,Google Display Remarketing,Google Ads,Pago
omie_t3-t4_todas_b2b_g-display_conv-rmkt-aon-rmkt,Google Display Remarketing,Google Ads,Pago
omie_t3-t4_todas_b2b_g-display_conv-rmkt-aon-rmkt-30+-dias,Google Display Remarketing,Google Ads,Pago
omie_t3-t4_todas_b2b_g-display_conv-rmkt-aon-rmkt-30-dias,Google Display Remarketing,Google Ads,Pago
omie_t3-t4_todas_b2b_g-display_conv-rmkt-aon-rmkt-7-dias,Google Display Remarketing,Google Ads,Pago
omie_t3-t4_todas_b2b_g-search_rmkt,Google Search Geral Remarketing,Google Ads,Pago
omie_t3-t4_todas_b2b_g-search_rmkt_rmkt_t3t4,Google Search Geral Remarketing,Google Ads,Pago
omie_t3-t4_todas_b2b_g-search_rmkt_rmkt-t3t4,Google Search Geral Remarketing,Google Ads,Pago
omie_t3-t4_todas_b2b_g-search_rmt,Google Search Geral Remarketing,Google Ads,Pago
omie_t3-t4_todas_b2b_g-youtube_whindersson_nunes-whindersson-nunes,Google YouTube Aquisição,Google Ads,Pago
omie_t3-t4_todas_b2b_lnkd-sponsored_sponsored-b2b-linkedin,Linkedin Conversão Aquisição,LinkedIn Ads,Pago
omie_t3-t6_b2b_bing-search-brand_aon_branded,Bing Search Branded Aquisição,Microsoft Advertising,Pago
omie_t3-t6_b2b_facebook_conv-cpf-aon_sem-cpf-restaurante-t3-t6,Facebook Conversão Aquisição,Meta Ads,Pago
omie_t3-t6_b2b_facebook_conv-cpf-aon_sem-cpf-t3-t6,Facebook Conversão Aquisição,Meta Ads,Pago
omie_t3-t6_b2b_facebook_conv-cpf-aon_sem-cpf-t3-t6-com-segmentacao,Facebook Conversão Aquisição,Meta Ads,Pago
omie_t3-t6_b2b_g-discovery_cpf_discovery-cpf,Google Discovery Aquisição,Google Ads,Pago
omie_t3-t6_b2b_g-display_conv-rmkt-aon_rmkt-cpf,Google Display Remarketing,Google Ads,Pago
omie_t3-t6_todas_b2b_bing-search-brand_aon_branded,Bing Search Branded Aquisição,Microsoft Advertising,Pago
omie_t3-t6_todas_b2b_bing-search-non-branded_aon_non-branded,Bing Search Non Branded Aquisição,Microsoft Advertising,Pago
omie_t3-t6_todas_b2b_facebook_conv-cpf-aon_com-cpf-t3-t6,Facebook Conversão Aquisição,Meta Ads,Pago
omie_t3-t6_todas_b2b_facebook_conv-cpf-aon_sem-cpf-restaurante-t3-t6,Facebook Conversão Aquisição,Meta Ads,Pago
omie_t3-t6_todas_b2b_facebook_conv-cpf-aon_sem-cpf-t3-t6,Facebook Conversão Aquisição,Meta Ads,Pago
omie_t3-t6_todas_b2b_facebook_conv-cpf-aon_sem-cpf-t3-t6-com-segmentacao,Facebook Conversão Aquisição,Meta Ads,Pago
omie_top100_chs_b2b_g-display-leads_conv-aon_display_aon_gatilho-cupom-dez,Google Discovery Aquisição,Google Ads,Pago
omie_top100_chs_b2b_g-display-leads_conv-aon_display_aon_gatilho-dez,Google Discovery Aquisição,Google Ads,Pago
omie_top100_chs_b2b_g-display-leads_conv-aon_rmkt-cpf,Google Display Remarketing,Google Ads,Pago
omie_top100_chs_b2b_g-youtube_leads-video-for-action-aon_video-for-action,Google YouTube Aquisição,Google Ads,Pago
omie202,Google Search Geral Aquisição,Google Ads,Pago
omie202%5B%E2%80%A6%5DV,Google Search Geral Aquisição,Google Ads,Pago
omie202[%E2%80%A6]V,Google Search Geral Aquisição,Google Ads,Pago
omie2021_Cobertura+SSI_Google_LE_CV,Google Search Geral Aquisição,Google Ads,Pago
omie2021_Cobertura-SSI_Google_LE_CV,Google Search Geral Aquisição,Google Ads,Pago
omie2021_Expansao_Google_LE_CV,Google Search Geral Aquisição,Google Ads,Pago
omie2021_Expansao_PC_B_Google_LE_CV,Google Search Geral Aquisição,Google Ads,Pago
omie2021_Max_Performance_Google_LE_CV,Google PMax Aquisição,Google Ads,Pago
omie2021_WPP_SSI_INDRA_FBIG_RF_CV,Facebook WhatsApp Aquisição,Meta Ads,Pago
omie2021_WPP_SSI_Whatsapp_CL,Facebook WhatsApp Aquisição,Meta Ads,Pago
omieb2b,Google Search Geral Aquisição,Google Ads,Pago
omie-para-restaurantes,Blog,Referral,Referral
omie-restaurante,Blog,Referral,Referral
Influs_Expansao_Performance_Max,Google PMax Aquisição,Google Ads,Pago
Influs_Expansao_Performance_Max_Influs,Google PMax Aquisição,Google Ads,Pago
Influs2_Expansao_Performance_Max_,Google PMax Aquisição,Google Ads,Pago
LinkFooter,Blog,Referral,Referral
LP_Cardapio_Digital,Blog,Referral,Referral
nao-vendo-omie,Blog,Referral,Referral
null,Direto,Direto,Direto
null,Direto,Direto,Direto
null,Direto,Direto,Direto
null,Direto,Direto,Direto
primeiros-passos,Blog,Referral,Referral
retargeting,Google Search Branded Aquisição,Google Ads,Pago
Search_T1-T2_Conurbadas_Grupo-Controle_Brand,Google Search Branded Aquisição,Google Ads,Pago
Search_T1-T2_Principais_Grupo-Controle_Brand,Google Search Branded Aquisição,Google Ads,Pago
search-conurbadas-non-branding,CRM Aquisição,CRM,CRM
Self%20Sign%20in,CRM Aquisição,CRM,CRM
SSI_FinalizarDados_Wpp,CRM Aquisição,CRM,CRM
SSI_FinalizarDados_Wpp,CRM Aquisição,CRM,CRM
Taboola_T1-T2_Conversao,Taboola Aquisição,Taboola,Pago
Weach_T1-T2_Conversao,Weach Aquisição,Weach,Pago
0,Direto,Direto,Direto